okr;woj;siedziba;ccsiedziby;teryt;status;nazwa;areaH;areakm;pop;popkm;rankA;rankP
1;02;Legnica;51.2047315,16.1583115;0201;;bolesławiecki;130351;1304;90173;69;64;100
1;02;Legnica;51.2047315,16.1583115;0203;;głogowski;44327;443;89933;203;293;102
1;02;Legnica;51.2047315,16.1583115;0205;;jaworski;58155;582;50947;88;261;241
1;02;Legnica;51.2047315,16.1583115;0206;;jeleniogórski;62714;627;64178;102;242;186
1;02;Legnica;51.2047315,16.1583115;0207;;kamiennogórski;39569;396;43999;111;301;271
1;02;Legnica;51.2047315,16.1583115;0209;;legnicki;74408;744;55233;74;196;227
1;02;Legnica;51.2047315,16.1583115;0210;;lubański;42830;428;54991;128;296;228
1;02;Legnica;51.2047315,16.1583115;0211;;lubiński;71162;712;106320;149;212;75
1;02;Legnica;51.2047315,16.1583115;0212;;lwówecki;70969;710;46360;65;214;257
1;02;Legnica;51.2047315,16.1583115;0216;;polkowicki;77946;779;63017;81;185;190
1;02;Legnica;51.2047315,16.1583115;0225;;zgorzelecki;83860;839;90584;108;167;98
1;02;Legnica;51.2047315,16.1583115;0226;;złotoryjski;57581;576;44126;77;264;266
1;02;Legnica;51.2047315,16.1583115;0261;c;Jelenia Góra;10922;109;80072;733;25;45
1;02;Legnica;51.2047315,16.1583115;0262;c;Legnica;5629;56;100324;1782;50;39
2;02;Wałbrzych;50.7851055,16.2913995;0202;;dzierżoniowski;47851;479;102077;213;285;79
2;02;Wałbrzych;50.7851055,16.2913995;0208;;kłodzki;164330;1642;160465;98;25;17
2;02;Wałbrzych;50.7851055,16.2913995;0219;;świdnicki;74114;741;158392;214;197;19
2;02;Wałbrzych;50.7851055,16.2913995;0221;;wałbrzyski;43022;430;56446;131;295;217
2;02;Wałbrzych;50.7851055,16.2913995;0224;;ząbkowicki;80153;802;66009;82;180;179
2;02;Wałbrzych;50.7851055,16.2913995;0265;c;Wałbrzych;8470;85;113621;1341;34;33
3;02;Wrocław;51.1261165,16.991816;0204;;górowski;73827;738;35473;48;199;299
3;02;Wrocław;51.1261165,16.991816;0213;;milicki;71493;715;37125;52;209;294
3;02;Wrocław;51.1261165,16.991816;0214;;oleśnicki;104931;1049;106907;102;112;74
3;02;Wrocław;51.1261165,16.991816;0215;;oławski;52410;524;76505;146;276;144
3;02;Wrocław;51.1261165,16.991816;0217;;strzeliński;62206;622;44006;71;246;270
3;02;Wrocław;51.1261165,16.991816;0218;;średzki;70414;704;53722;76;216;231
3;02;Wrocław;51.1261165,16.991816;0220;;trzebnicki;102478;1025;84495;82;121;115
3;02;Wrocław;51.1261165,16.991816;0222;;wołowski;67496;675;47124;70;229;255
3;02;Wrocław;51.1261165,16.991816;0223;;wrocławski;111770;1118;141337;126;104;29
3;02;Wrocław;51.1261165,16.991816;0264;c;Wrocław;29282;293;638586;2181;5;4
4;04;Bydgoszcz;53.129727,18.038169;0403;;bydgoski;139412;1395;115981;83;48;52
4;04;Bydgoszcz;53.129727,18.038169;0407;;inowrocławski;122518;1225;161591;132;78;16
4;04;Bydgoszcz;53.129727,18.038169;0409;;mogileński;67512;675;46046;68;228;260
4;04;Bydgoszcz;53.129727,18.038169;0410;;nakielski;112008;1120;86764;77;101;109
4;04;Bydgoszcz;53.129727,18.038169;0413;;sępoleński;79109;791;41373;52;183;281
4;04;Bydgoszcz;53.129727,18.038169;0414;;świecki;147418;1474;99505;67;39;81
4;04;Bydgoszcz;53.129727,18.038169;0416;;tucholski;107546;1075;48438;45;107;249
4;04;Bydgoszcz;53.129727,18.038169;0419;;żniński;98477;985;70534;72;132;164
4;04;Bydgoszcz;53.129727,18.038169;0461;c;Bydgoszcz;17598;176;352313;2002;11;8
5;04;Toruń;53.014486,18.6014485;0401;;aleksandrowski;47463;475;55337;117;286;226
5;04;Toruń;53.014486,18.6014485;0402;;brodnicki;103997;1040;78879;76;116;132
5;04;Toruń;53.014486,18.6014485;0404;;chełmiński;52694;527;52292;99;275;236
5;04;Toruń;53.014486,18.6014485;0405;;golubsko-dobrzyński;61285;613;45289;74;254;264
5;04;Toruń;53.014486,18.6014485;0406;;grudziądzki;72776;728;40368;55;205;284
5;04;Toruń;53.014486,18.6014485;0408;;lipnowski;101574;1016;66517;65;123;174
5;04;Toruń;53.014486,18.6014485;0411;;radziejowski;60720;607;40898;67;256;283
5;04;Toruń;53.014486,18.6014485;0412;;rypiński;58647;586;44029;75;259;268
5;04;Toruń;53.014486,18.6014485;0415;;toruński;123042;1230;105631;86;77;77
5;04;Toruń;53.014486,18.6014485;0417;;wąbrzeski;50195;502;34612;69;280;302
5;04;Toruń;53.014486,18.6014485;0418;;włocławski;147363;1474;86604;59;40;110
5;04;Toruń;53.014486,18.6014485;0462;c;Grudziądz;5776;58;95629;1656;48;40
5;04;Toruń;53.014486,18.6014485;0463;c;Toruń;11572;116;202562;1750;22;16
5;04;Toruń;53.014486,18.6014485;0464;c;Włocławek;8432;84;111752;1325;35;34
6;06;Lublin;51.218389,22.563923;0605;;janowski;87528;875;46306;53;160;258
6;06;Lublin;51.218389,22.563923;0607;;kraśnicki;100530;1005;96574;96;126;88
6;06;Lublin;51.218389,22.563923;0608;;lubartowski;128874;1289;89040;69;66;103
6;06;Lublin;51.218389,22.563923;0609;;lubelski;167953;1680;153380;91;21;22
6;06;Lublin;51.218389,22.563923;0610;;łęczyński;63664;637;57461;90;241;210
6;06;Lublin;51.218389,22.563923;0611;;łukowski;139421;1394;107896;77;47;71
6;06;Lublin;51.218389,22.563923;0612;;opolski;81002;810;60266;74;176;197
6;06;Lublin;51.218389,22.563923;0614;;puławski;93409;934;114198;122;146;57
6;06;Lublin;51.218389,22.563923;0616;;rycki;61453;615;56765;92;253;214
6;06;Lublin;51.218389,22.563923;0617;;świdnicki;46835;468;72412;155;289;157
6;06;Lublin;51.218389,22.563923;0663;c;Lublin;14747;147;339850;2305;17;9
7;06;Chełm;51.1355835,23.489705;0601;;bialski;275426;2755;111922;41;3;64
7;06;Chełm;51.1355835,23.489705;0602;;biłgorajski;168110;1681;101949;61;20;80
7;06;Chełm;51.1355835,23.489705;0603;;chełmski;188560;1887;78579;42;11;134
7;06;Chełm;51.1355835,23.489705;0604;;hrubieszowski;126802;1268;64428;51;70;184
7;06;Chełm;51.1355835,23.489705;0606;;krasnostawski;103144;1031;64432;62;118;183
7;06;Chełm;51.1355835,23.489705;0613;;parczewski;95220;952;35140;37;142;301
7;06;Chełm;51.1355835,23.489705;0615;;radzyński;96506;965;59640;62;138;199
7;06;Chełm;51.1355835,23.489705;0618;;tomaszowski;148889;1489;84429;57;37;116
7;06;Chełm;51.1355835,23.489705;0619;;włodawski;125642;1256;38853;31;73;290
7;06;Chełm;51.1355835,23.489705;0620;;zamojski;187029;1870;107565;58;12;72
7;06;Chełm;51.1355835,23.489705;0661;c;Biała Podlaska;4940;49;57545;1165;51;58
7;06;Chełm;51.1355835,23.489705;0662;c;Chełm;3528;35;63333;1795;56;54
7;06;Chełm;51.1355835,23.489705;0664;c;Zamość;3034;30;64354;2121;62;52
8;08;Zielona Góra;51.9277125,15.5215805;0801;;gorzowski;121423;1214;71438;59;83;161
8;08;Zielona Góra;51.9277125,15.5215805;0802;;krośnieński;139125;1391;55512;40;50;223
8;08;Zielona Góra;51.9277125,15.5215805;0803;;międzyrzecki;138761;1388;58249;42;51;205
8;08;Zielona Góra;51.9277125,15.5215805;0804;;nowosolski;77073;771;86949;113;192;108
8;08;Zielona Góra;51.9277125,15.5215805;0805;;słubicki;99929;999;47068;47;129;256
8;08;Zielona Góra;51.9277125,15.5215805;0806;;strzelecko-drezdenecki;124786;1248;49701;40;75;245
8;08;Zielona Góra;51.9277125,15.5215805;0807;;sulęciński;117780;1178;35351;30;89;300
8;08;Zielona Góra;51.9277125,15.5215805;0808;;świebodziński;93657;937;56095;60;145;219
8;08;Zielona Góra;51.9277125,15.5215805;0812;;wschowski;62420;624;39196;63;244;289
8;08;Zielona Góra;51.9277125,15.5215805;0809;;zielonogórski;134975;1350;75558;56;58;148
8;08;Zielona Góra;51.9277125,15.5215805;0810;;żagański;113182;1132;80114;71;98;126
8;08;Zielona Góra;51.9277125,15.5215805;0811;;żarski;139278;1393;97487;70;49;86
8;08;Zielona Góra;51.9277125,15.5215805;0861;c;Gorzów Wielkopolski;8572;86;124295;1450;31;29
8;08;Zielona Góra;51.9277125,15.5215805;0862;c;Zielona Góra;27832;277;139819;502;6;24
9;10;Łódź;51.77348,19.4804095;1021;;brzeziński;35856;359;30884;86;308;309
9;10;Łódź;51.77348,19.4804095;1006;;łódzki wschodni;49976;500;71182;142;281;163
9;10;Łódź;51.77348,19.4804095;1061;c;Łódź;29325;293;690422;2354;4;3
10;10;Piotrków Trybunalski;51.4129525,19.716625;1001;;bełchatowski;96760;968;113028;117;136;61
10;10;Piotrków Trybunalski;51.4129525,19.716625;1007;;opoczyński;104019;1040;76984;74;114;142
10;10;Piotrków Trybunalski;51.4129525,19.716625;1010;;piotrkowski;142874;1429;91301;64;43;94
10;10;Piotrków Trybunalski;51.4129525,19.716625;1012;;radomszczański;144257;1443;113923;79;42;60
10;10;Piotrków Trybunalski;51.4129525,19.716625;1013;;rawski;64620;646;48997;76;236;247
10;10;Piotrków Trybunalski;51.4129525,19.716625;1015;;skierniewicki;75338;753;38224;51;193;292
10;10;Piotrków Trybunalski;51.4129525,19.716625;1016;;tomaszowski;102479;1025;117852;115;120;51
10;10;Piotrków Trybunalski;51.4129525,19.716625;1062;c;Piotrków Trybunalski;6724;67;74312;1105;44;49
10;10;Piotrków Trybunalski;51.4129525,19.716625;1063;c;Skierniewice;3460;35;48308;1396;57;62
11;10;Sieradz;51.6017525,18.738381;1002;;kutnowski;88686;887;98018;111;155;84
11;10;Sieradz;51.6017525,18.738381;1003;;łaski;61823;618;50224;81;248;244
11;10;Sieradz;51.6017525,18.738381;1004;;łęczycki;77275;773;50527;65;188;242
11;10;Sieradz;51.6017525,18.738381;1005;;łowicki;98817;988;78994;80;131;131
11;10;Sieradz;51.6017525,18.738381;1008;;pabianicki;49218;492;119285;242;283;48
11;10;Sieradz;51.6017525,18.738381;1009;;pajęczański;80382;804;51851;65;179;237
11;10;Sieradz;51.6017525,18.738381;1011;;poddębicki;88121;881;41380;47;156;280
11;10;Sieradz;51.6017525,18.738381;1014;;sieradzki;149083;1491;118692;80;36;50
11;10;Sieradz;51.6017525,18.738381;1017;;wieluński;92648;926;77017;83;148;141
11;10;Sieradz;51.6017525,18.738381;1018;;wieruszowski;57713;577;42255;73;263;275
11;10;Sieradz;51.6017525,18.738381;1019;;zduńskowolski;36923;369;67049;182;305;171
11;10;Sieradz;51.6017525,18.738381;1020;;zgierski;85518;855;165606;194;162;12
12;12;Kraków;50.046894,20.0048255;1203;;chrzanowski;37012;370;125725;340;304;41
12;12;Kraków;50.046894,20.0048255;1209;;myślenicki;67308;673;126339;188;231;40
12;12;Kraków;50.046894,20.0048255;1213;;oświęcimski;40558;406;154292;380;300;21
12;12;Kraków;50.046894,20.0048255;1215;;suski;68571;686;84317;123;223;117
12;12;Kraków;50.046894,20.0048255;1218;;wadowicki;64588;646;159938;248;237;18
13;12;Kraków;50.046894,20.0048255;1206;;krakowski;123052;1231;274843;223;76;2
13;12;Kraków;50.046894,20.0048255;1208;;miechowski;67629;676;49315;73;226;246
13;12;Kraków;50.046894,20.0048255;1212;;olkuski;61811;618;112539;182;249;62
13;12;Kraków;50.046894,20.0048255;1261;c;Kraków;32685;327;767348;2348;2;2
14;12;Nowy Sącz;49.610243,20.70664;1205;;gorlicki;96646;966;109076;113;137;68
14;12;Nowy Sącz;49.610243,20.70664;1207;;limanowski;95123;951;130964;138;143;37
14;12;Nowy Sącz;49.610243,20.70664;1210;;nowosądecki;154980;1549;214999;139;31;4
14;12;Nowy Sącz;49.610243,20.70664;1211;;nowotarski;147499;1474;191266;130;38;8
14;12;Nowy Sącz;49.610243,20.70664;1217;;tatrzański;47165;472;68034;144;287;170
14;12;Nowy Sącz;49.610243,20.70664;1262;c;Nowy Sącz;5758;58;84041;1460;49;44
15;12;Tarnów;50.002445,21.021696;1201;;bocheński;64856;649;106096;164;235;76
15;12;Tarnów;50.002445,21.021696;1202;;brzeski;59052;591;93164;158;257;91
15;12;Tarnów;50.002445,21.021696;1204;;dąbrowski;53025;530;59311;112;274;202
15;12;Tarnów;50.002445,21.021696;1214;;proszowicki;41487;415;43658;105;298;273
15;12;Tarnów;50.002445,21.021696;1216;;tarnowski;141158;1412;201268;143;46;7
15;12;Tarnów;50.002445,21.021696;1219;;wielicki;41078;411;125197;305;299;43
15;12;Tarnów;50.002445,21.021696;1263;c;Tarnów;7238;72;109650;1515;41;35
16;14;Płock;52.5354155,19.7150025;1402;;ciechanowski;105980;1060;89976;85;111;101
16;14;Płock;52.5354155,19.7150025;1404;;gostyniński;61481;615;45461;74;252;263
16;14;Płock;52.5354155,19.7150025;1413;;mławski;118182;1182;73376;62;88;154
16;14;Płock;52.5354155,19.7150025;1419;;płocki;179663;1796;111226;62;15;65
16;14;Płock;52.5354155,19.7150025;1420;;płoński;137979;1380;87662;64;55;106
16;14;Płock;52.5354155,19.7150025;1422;;przasnyski;121862;1219;52884;43;81;234
16;14;Płock;52.5354155,19.7150025;1427;;sierpecki;85204;852;52559;62;164;235
16;14;Płock;52.5354155,19.7150025;1428;;sochaczewski;73480;735;85175;116;201;112
16;14;Płock;52.5354155,19.7150025;1437;;żuromiński;80660;807;39263;49;177;288
16;14;Płock;52.5354155,19.7150025;1438;;żyrardowski;53254;533;76056;143;273;146
16;14;Płock;52.5354155,19.7150025;1462;c;Płock;8804;88;120787;1372;30;32
17;14;Radom;51.417238,21.156178;1401;;białobrzeski;63910;639;33542;52;240;306
17;14;Radom;51.417238,21.156178;1406;;grójecki;126773;1268;98701;78;71;83
17;14;Radom;51.417238,21.156178;1407;;kozienicki;91610;916;60699;66;151;195
17;14;Radom;51.417238,21.156178;1409;;lipski;74022;740;34496;47;198;304
17;14;Radom;51.417238,21.156178;1423;;przysuski;80119;801;42116;53;181;276
17;14;Radom;51.417238,21.156178;1425;;radomski;152978;1530;151955;99;33;25
17;14;Radom;51.417238,21.156178;1430;;szydłowiecki;45181;452;39938;88;292;285
17;14;Radom;51.417238,21.156178;1436;;zwoleński;57330;573;36606;64;266;296
17;14;Radom;51.417238,21.156178;1463;c;Radom;11180;112;214566;1919;23;14
18;14;Siedlce;52.1617485,22.27579;1403;;garwoliński;128483;1285;108981;85;68;69
18;14;Siedlce;52.1617485,22.27579;1410;;łosicki;77245;772;31335;41;190;308
18;14;Siedlce;52.1617485,22.27579;1411;;makowski;106463;1065;45580;43;110;261
18;14;Siedlce;52.1617485,22.27579;1412;;miński;116372;1164;152945;131;91;24
18;14;Siedlce;52.1617485,22.27579;1415;;ostrołęcki;209355;2092;88708;42;7;104
18;14;Siedlce;52.1617485,22.27579;1416;;ostrowski;121779;1218;73284;60;82;155
18;14;Siedlce;52.1617485,22.27579;1424;;pułtuski;82742;827;51834;63;173;238
18;14;Siedlce;52.1617485,22.27579;1426;;siedlecki;160348;1603;81402;51;28;123
18;14;Siedlce;52.1617485,22.27579;1429;;sokołowski;113117;1131;54604;48;99;229
18;14;Siedlce;52.1617485,22.27579;1433;;węgrowski;122076;1221;66508;54;80;175
18;14;Siedlce;52.1617485,22.27579;1435;;wyszkowski;87643;876;74020;84;158;153
18;14;Siedlce;52.1617485,22.27579;1461;c;Ostrołęka;3346;34;52451;1568;58;60
18;14;Siedlce;52.1617485,22.27579;1464;c;Siedlce;3186;32;77653;2437;61;46
19;14;Warszawa;52.233002,21.0614195;1465;c;Warszawa;51724;517;1764615;3412;1;1
20;14;Warszawa;52.233002,21.0614195;1405;;grodziski;36704;367;92847;253;306;92
20;14;Warszawa;52.233002,21.0614195;1408;;legionowski;39076;390;115384;295;303;56
20;14;Warszawa;52.233002,21.0614195;1414;;nowodworski;69479;695;79298;114;220;128
20;14;Warszawa;52.233002,21.0614195;1417;;otwocki;61592;616;123770;201;251;44
20;14;Warszawa;52.233002,21.0614195;1418;;piaseczyński;62100;621;182076;293;247;9
20;14;Warszawa;52.233002,21.0614195;1421;;pruszkowski;24630;246;162922;661;310;14
20;14;Warszawa;52.233002,21.0614195;1432;;warszawski zachodni;53379;534;115466;216;272;55
20;14;Warszawa;52.233002,21.0614195;1434;;wołomiński;95356;954;241890;254;141;3
21;16;Opole;50.6788155,17.9061435;1601;;brzeski;87596;877;90493;103;159;99
21;16;Opole;50.6788155,17.9061435;1602;;głubczycki;67263;673;46209;69;232;259
21;16;Opole;50.6788155,17.9061435;1603;;kędzierzyńsko-kozielski;62513;626;95236;152;243;89
21;16;Opole;50.6788155,17.9061435;1604;;kluczborski;85191;852;66189;78;165;178
21;16;Opole;50.6788155,17.9061435;1605;;krapkowicki;44180;442;64227;145;294;185
21;16;Opole;50.6788155,17.9061435;1606;;namysłowski;74818;748;42677;57;194;274
21;16;Opole;50.6788155,17.9061435;1607;;nyski;122388;1224;137819;113;79;31
21;16;Opole;50.6788155,17.9061435;1608;;oleski;97338;973;64848;67;133;182
21;16;Opole;50.6788155,17.9061435;1609;;opolski;153430;1532;123612;81;32;45
21;16;Opole;50.6788155,17.9061435;1610;;prudnicki;57155;572;55748;98;267;222
21;16;Opole;50.6788155,17.9061435;1611;;strzelecki;74427;744;74871;101;195;150
21;16;Opole;50.6788155,17.9061435;1661;c;Opole;14888;149;128140;861;15;28
22;18;Krosno;49.6892935,21.753032;1801;;bieszczadzki;113907;1140;21891;19;97;313
22;18;Krosno;49.6892935,21.753032;1802;;brzozowski;53934;540;65938;122;271;180
22;18;Krosno;49.6892935,21.753032;1804;;jarosławski;102866;1029;120980;118;119;46
22;18;Krosno;49.6892935,21.753032;1805;;jasielski;83087;831;114156;137;172;58
22;18;Krosno;49.6892935,21.753032;1807;;krośnieński;99311;993;112481;113;130;63
22;18;Krosno;49.6892935,21.753032;1821;;leski;83494;835;26606;32;169;311
22;18;Krosno;49.6892935,21.753032;1809;;lubaczowski;130837;1308;56086;43;61;220
22;18;Krosno;49.6892935,21.753032;1813;;przemyski;121122;1211;74440;61;85;151
22;18;Krosno;49.6892935,21.753032;1814;;przeworski;69802;698;78644;113;218;133
22;18;Krosno;49.6892935,21.753032;1817;;sanocki;115643;1156;95035;82;94;90
22;18;Krosno;49.6892935,21.753032;1861;c;Krosno;4350;44;46600;1071;53;64
22;18;Krosno;49.6892935,21.753032;1862;c;Przemyśl;4617;46;61808;1339;52;57
23;18;Rzeszów;50.0058865,21.976327;1803;;dębicki;77748;777;135479;174;186;34
23;18;Rzeszów;50.0058865,21.976327;1806;;kolbuszowski;77317;774;62401;81;187;191
23;18;Rzeszów;50.0058865,21.976327;1808;;leżajski;58371;585;69641;119;260;168
23;18;Rzeszów;50.0058865,21.976327;1810;;łańcucki;45184;452;80741;179;291;125
23;18;Rzeszów;50.0058865,21.976327;1811;;mielecki;88050;880;136666;155;157;33
23;18;Rzeszów;50.0058865,21.976327;1812;;niżański;78564;785;66917;85;184;172
23;18;Rzeszów;50.0058865,21.976327;1815;;ropczycko-sędziszowski;54831;548;74198;135;269;152
23;18;Rzeszów;50.0058865,21.976327;1816;;rzeszowski;115333;1153;169165;147;95;11
23;18;Rzeszów;50.0058865,21.976327;1818;;stalowowolski;83174;832;107138;129;171;73
23;18;Rzeszów;50.0058865,21.976327;1819;;strzyżowski;50347;503;61690;123;279;192
23;18;Rzeszów;50.0058865,21.976327;1820;;tarnobrzeski;52106;521;53388;102;278;232
23;18;Rzeszów;50.0058865,21.976327;1863;c;Rzeszów;12041;120;189662;1575;21;18
23;18;Rzeszów;50.0058865,21.976327;1864;c;Tarnobrzeg;8540;85;47387;555;32;63
24;20;Białystok;53.1275085,23.156492;2002;;białostocki;297644;2975;147002;49;1;27
24;20;Białystok;53.1275085,23.156492;2011;;sokólski;205450;2055;68188;33;8;169
24;20;Białystok;53.1275085,23.156492;2001;;augustowski;165939;1659;58669;35;23;203
24;20;Białystok;53.1275085,23.156492;2013;;wysokomazowiecki;128891;1289;57516;45;65;209
24;20;Białystok;53.1275085,23.156492;2003;;bielski;138509;1385;55427;40;53;225
24;20;Białystok;53.1275085,23.156492;2007;;łomżyński;135459;1355;51084;38;57;240
24;20;Białystok;53.1275085,23.156492;2004;;grajewski;96762;968;47781;49;135;251
24;20;Białystok;53.1275085,23.156492;2010;;siemiatycki;145946;1459;45191;31;41;265
24;20;Białystok;53.1275085,23.156492;2014;;zambrowski;73312;733;44027;60;202;269
24;20;Białystok;53.1275085,23.156492;2005;;hajnowski;162353;1624;43745;27;26;272
24;20;Białystok;53.1275085,23.156492;2008;;moniecki;138179;1382;41011;30;54;282
24;20;Białystok;53.1275085,23.156492;2006;;kolneński;94010;940;38748;41;144;291
24;20;Białystok;53.1275085,23.156492;2012;;suwalski;130700;1307;35955;28;63;297
24;20;Białystok;53.1275085,23.156492;2009;;sejneński;85517;855;20270;24;163;314
24;20;Białystok;53.1275085,23.156492;2061;c;Białystok;10213;102;297288;2911;26;10
24;20;Białystok;53.1275085,23.156492;2062;c;Łomża;3267;33;63092;1931;60;55
24;20;Białystok;53.1275085,23.156492;2063;c;Suwałki;6551;66;69554;1062;46;50
25;22;Gdańsk;54.361096,18.6899295;2204;;gdański;79375;794;113983;144;182;59
25;22;Gdańsk;54.361096,18.6899295;2207;;kwidzyński;83470;835;83423;100;170;119
25;22;Gdańsk;54.361096,18.6899295;2209;;malborski;49423;494;63911;129;282;187
25;22;Gdańsk;54.361096,18.6899295;2210;;nowodworski;67408;674;35891;53;230;298
25;22;Gdańsk;54.361096,18.6899295;2213;;starogardzki;134534;1345;127868;95;59;39
25;22;Gdańsk;54.361096,18.6899295;2216;;sztumski;73074;731;41946;57;203;277
25;22;Gdańsk;54.361096,18.6899295;2214;;tczewski;69711;697;115896;166;219;53
25;22;Gdańsk;54.361096,18.6899295;2261;c;Gdańsk;26196;262;464254;1772;7;6
25;22;Gdańsk;54.361096,18.6899295;2264;c;Sopot;1728;17;36533;2114;64;66
26;22;Słupsk;54.4605945,17.0281465;2201;;bytowski;219207;2192;79134;36;6;130
26;22;Słupsk;54.4605945,17.0281465;2202;;chojnicki;136421;1364;97251;71;56;87
26;22;Słupsk;54.4605945,17.0281465;2203;;człuchowski;157527;1575;56678;36;30;216
26;22;Słupsk;54.4605945,17.0281465;2205;;kartuski;112054;1121;133841;119;100;36
26;22;Słupsk;54.4605945,17.0281465;2206;;kościerski;116567;1166;72311;62;90;159
26;22;Słupsk;54.4605945,17.0281465;2208;;lęborski;70602;706;66333;94;215;176
26;22;Słupsk;54.4605945,17.0281465;2211;;pucki;58118;581;84687;146;262;114
26;22;Słupsk;54.4605945,17.0281465;2212;;słupski;230424;2304;98737;43;4;82
26;22;Słupsk;54.4605945,17.0281465;2215;;wejherowski;128525;1285;213803;166;67;5
26;22;Słupsk;54.4605945,17.0281465;2262;c;Gdynia;13514;135;246306;1823;18;12
26;22;Słupsk;54.4605945,17.0281465;2263;c;Słupsk;4315;43;91465;2120;54;42
27;24;Bielsko-Biała;49.812118,19.038784;2402;;bielski;45864;459;164003;358;290;13
27;24;Bielsko-Biała;49.812118,19.038784;2403;;cieszyński;73029;730;178251;244;204;10
27;24;Bielsko-Biała;49.812118,19.038784;2410;;pszczyński;47116;471;110626;235;288;67
27;24;Bielsko-Biała;49.812118,19.038784;2417;;żywiecki;104006;1040;153187;147;115;23
27;24;Bielsko-Biała;49.812118,19.038784;2461;c;Bielsko-Biała;12451;125;171505;1377;20;22
28;24;Częstochowa;50.8096365,19.122219;2404;;częstochowski;152205;1521;135227;89;34;35
28;24;Częstochowa;50.8096365,19.122219;2406;;kłobucki;88859;889;85094;96;154;113
28;24;Częstochowa;50.8096365,19.122219;2407;;lubliniecki;82225;822;76768;93;174;143
28;24;Częstochowa;50.8096365,19.122219;2409;;myszkowski;47925;479;71396;149;284;162
28;24;Częstochowa;50.8096365,19.122219;2464;c;Częstochowa;15971;160;224376;1405;13;13
29;24;Katowice;50.214288,19.008149;2405;;gliwicki;66437;664;115647;174;234;54
29;24;Katowice;50.214288,19.008149;2413;;tarnogórski;64419;644;139300;216;238;30
29;24;Katowice;50.214288,19.008149;2462;c;Bytom;6944;69;168394;2425;42;23
29;24;Katowice;50.214288,19.008149;2466;c;Gliwice;13388;134;181309;1354;19;19
29;24;Katowice;50.214288,19.008149;2478;c;Zabrze;8040;80;174349;2169;38;20
30;24;Bielsko-Biała;49.812118,19.038784;2408;;mikołowski;23310;233;97689;419;311;85
30;24;Bielsko-Biała;49.812118,19.038784;2411;;raciborski;54376;544;108918;200;270;70
30;24;Bielsko-Biała;49.812118,19.038784;2412;;rybnicki;22364;224;77942;349;312;138
30;24;Bielsko-Biała;49.812118,19.038784;2415;;wodzisławski;28675;287;157767;550;309;20
30;24;Bielsko-Biała;49.812118,19.038784;2467;c;Jastrzębie-Zdrój;8533;85;89590;1050;33;43
30;24;Bielsko-Biała;49.812118,19.038784;2473;c;Rybnik;14836;148;139129;938;16;25
30;24;Bielsko-Biała;49.812118,19.038784;2479;c;Żory;6464;65;62243;963;47;56
31;24;Katowice;50.214288,19.008149;2414;;bieruńsko-lędziński;15815;158;59550;377;313;201
31;24;Katowice;50.214288,19.008149;2463;c;Chorzów;3324;33;109021;3280;59;36
31;24;Katowice;50.214288,19.008149;2469;c;Katowice;16464;165;296262;1799;12;11
31;24;Katowice;50.214288,19.008149;2470;c;Mysłowice;6562;66;74647;1138;45;48
31;24;Katowice;50.214288,19.008149;2471;c;Piekary Śląskie;3998;40;55652;1392;55;59
31;24;Katowice;50.214288,19.008149;2472;c;Ruda Śląska;7773;78;138578;1783;40;26
31;24;Katowice;50.214288,19.008149;2474;c;Siemianowice Śląskie;2550;25;67523;2648;63;51
31;24;Katowice;50.214288,19.008149;2476;c;Świętochłowice;1331;13;50385;3785;65;61
31;24;Katowice;50.214288,19.008149;2477;c;Tychy;8181;82;128211;1567;37;27
32;24;Katowice;50.214288,19.008149;2401;;będziński;36413;364;149316;410;307;26
32;24;Katowice;50.214288,19.008149;2416;;zawierciański;100223;1003;119101;119;128;49
32;24;Katowice;50.214288,19.008149;2465;c;Dąbrowa Górnicza;18873;189;121121;642;10;30
32;24;Katowice;50.214288,19.008149;2468;c;Jaworzno;15259;153;92090;604;14;41
32;24;Katowice;50.214288,19.008149;2475;c;Sosnowiec;9106;91;204013;2240;28;15
33;26;Kielce;50.85419,20.615443;2601;;buski;96800;968;72323;75;134;158
33;26;Kielce;50.85419,20.615443;2602;;jędrzejowski;125696;1257;86560;69;72;111
33;26;Kielce;50.85419,20.615443;2603;;kazimierski;42218;422;34049;81;297;305
33;26;Kielce;50.85419,20.615443;2604;;kielecki;224607;2246;210102;94;5;6
33;26;Kielce;50.85419,20.615443;2605;;konecki;113972;1140;81315;71;96;124
33;26;Kielce;50.85419,20.615443;2606;;opatowski;91090;911;53028;58;152;233
33;26;Kielce;50.85419,20.615443;2607;;ostrowiecki;61678;617;111111;180;250;66
33;26;Kielce;50.85419,20.615443;2608;;pińczowski;61285;613;39497;64;254;287
33;26;Kielce;50.85419,20.615443;2609;;sandomierski;67589;676;78405;116;227;135
33;26;Kielce;50.85419,20.615443;2610;;skarżyski;39543;395;75673;191;302;147
33;26;Kielce;50.85419,20.615443;2611;;starachowicki;52341;523;90888;174;277;97
33;26;Kielce;50.85419,20.615443;2612;;staszowski;92480;925;72456;78;150;156
33;26;Kielce;50.85419,20.615443;2613;;włoszczowski;90786;908;45521;50;153;262
33;26;Kielce;50.85419,20.615443;2661;c;Kielce;10965;110;196804;1795;24;17
34;28;Elbląg;54.1988105,19.434411;2801;;bartoszycki;130749;1307;58435;45;62;204
34;28;Elbląg;54.1988105,19.434411;2802;;braniewski;120165;1202;41675;35;86;279
34;28;Elbląg;54.1988105,19.434411;2803;;działdowski;95393;954;65772;69;140;181
34;28;Elbląg;54.1988105,19.434411;2804;;elbląski;141558;1416;57955;41;44;207
34;28;Elbląg;54.1988105,19.434411;2807;;iławski;138522;1385;92811;67;52;93
34;28;Elbląg;54.1988105,19.434411;2809;;lidzbarski;92500;925;41840;45;149;278
34;28;Elbląg;54.1988105,19.434411;2812;;nowomiejski;69393;694;44104;64;221;267
34;28;Elbląg;54.1988105,19.434411;2815;;ostródzki;176629;1766;105318;60;17;78
34;28;Elbląg;54.1988105,19.434411;2861;c;Elbląg;7982;80;120895;1515;39;31
35;28;Olsztyn;53.776555,20.4665675;2805;;ełcki;111279;1113;91022;82;105;95
35;28;Olsztyn;53.776555,20.4665675;2806;;giżycki;111951;1120;56922;51;102;213
35;28;Olsztyn;53.776555,20.4665675;2818;;gołdapski;77229;772;27062;35;191;310
35;28;Olsztyn;53.776555,20.4665675;2808;;kętrzyński;121299;1213;63470;52;84;188
35;28;Olsztyn;53.776555,20.4665675;2810;;mrągowski;106538;1065;50381;47;108;243
35;28;Olsztyn;53.776555,20.4665675;2811;;nidzicki;96064;961;33239;35;139;307
35;28;Olsztyn;53.776555,20.4665675;2813;;olecki;87360;874;34600;40;161;303
35;28;Olsztyn;53.776555,20.4665675;2814;;olsztyński;283802;2837;125220;44;2;42
35;28;Olsztyn;53.776555,20.4665675;2816;;piski;177458;1775;56933;32;16;212
35;28;Olsztyn;53.776555,20.4665675;2817;;szczycieński;193321;1933;70153;36;9;166
35;28;Olsztyn;53.776555,20.4665675;2819;;węgorzewski;69322;693;23068;33;222;312
35;28;Olsztyn;53.776555,20.4665675;2862;c;Olsztyn;8833;88;173070;1959;29;21
36;30;Kalisz;51.747363,18.0760685;3004;;gostyński;81025;810;76087;94;175;145
36;30;Kalisz;51.747363,18.0760685;3006;;jarociński;58729;587;71741;122;258;160
36;30;Kalisz;51.747363,18.0760685;3007;;kaliski;115999;1160;83124;72;93;120
36;30;Kalisz;51.747363,18.0760685;3008;;kępiński;60826;608;56394;93;255;218
36;30;Kalisz;51.747363,18.0760685;3011;;kościański;72242;722;79253;110;208;129
36;30;Kalisz;51.747363,18.0760685;3012;;krotoszyński;71368;714;77720;109;210;139
36;30;Kalisz;51.747363,18.0760685;3013;;leszczyński;80581;806;55883;69;178;221
36;30;Kalisz;51.747363,18.0760685;3017;;ostrowski;116012;1160;161763;139;92;15
36;30;Kalisz;51.747363,18.0760685;3018;;ostrzeszowski;77263;773;55479;72;189;224
36;30;Kalisz;51.747363,18.0760685;3020;;pleszewski;71307;713;63218;89;211;189
36;30;Kalisz;51.747363,18.0760685;3022;;rawicki;55352;554;60409;109;268;196
36;30;Kalisz;51.747363,18.0760685;3061;c;Kalisz;6942;69;101625;1464;43;38
36;30;Kalisz;51.747363,18.0760685;3063;c;Leszno;3186;32;64197;2015;61;53
37;30;Konin;52.2562205,18.262651;3003;;gnieźnieński;125503;1256;145333;116;74;28
37;30;Konin;52.2562205,18.262651;3009;;kolski;101071;1011;87790;87;125;105
37;30;Konin;52.2562205,18.262651;3010;;koniński;157839;1578;129715;82;29;38
37;30;Konin;52.2562205,18.262651;3023;;słupecki;83801;838;59576;71;168;200
37;30;Konin;52.2562205,18.262651;3025;;średzki;62386;624;58155;93;245;206
37;30;Konin;52.2562205,18.262651;3026;;śremski;57410;574;61229;107;265;193
37;30;Konin;52.2562205,18.262651;3027;;turecki;92943;929;84267;91;147;118
37;30;Konin;52.2562205,18.262651;3030;;wrzesiński;70357;704;77361;110;217;140
37;30;Konin;52.2562205,18.262651;3062;c;Konin;8216;82;74834;911;36;47
38;30;Piła;53.134976,16.7601705;3001;;chodzieski;68506;685;47341;69;224;253
38;30;Piła;53.134976,16.7601705;3002;;czarnkowsko-trzcianecki;180605;1805;87570;48;14;107
38;30;Piła;53.134976,16.7601705;3005;;grodziski;64187;642;51701;81;239;239
38;30;Piła;53.134976,16.7601705;3014;;międzychodzki;73644;736;36987;50;200;295
38;30;Piła;53.134976,16.7601705;3015;;nowotomyski;101362;1014;75164;74;124;149
38;30;Piła;53.134976,16.7601705;3016;;obornicki;71104;711;59726;84;213;198
38;30;Piła;53.134976,16.7601705;3019;;pilski;126821;1268;137104;108;69;32
38;30;Piła;53.134976,16.7601705;3024;;szamotulski;111929;1119;90920;81;103;96
38;30;Piła;53.134976,16.7601705;3028;;wągrowiecki;103965;1040;70212;68;117;165
38;30;Piła;53.134976,16.7601705;3029;;wolsztyński;67973;680;57289;84;225;211
38;30;Piła;53.134976,16.7601705;3031;;złotowski;166017;1660;69780;42;22;167
39;30;Poznań;52.4006265,16.90154;3021;;poznański;189988;1900;381630;201;10;1
39;30;Poznań;52.4006265,16.90154;3064;c;Poznań;26191;262;538633;2057;8;5
40;32;Koszalin;54.2071915,16.2167295;3201;;białogardzki;84546;845;48041;57;166;250
40;32;Koszalin;54.2071915,16.2167295;3202;;choszczeński;132763;1328;48906;37;60;248
40;32;Koszalin;54.2071915,16.2167295;3203;;drawski;176424;1764;57729;33;19;208
40;32;Koszalin;54.2071915,16.2167295;3208;;kołobrzeski;72466;725;79596;110;207;127
40;32;Koszalin;54.2071915,16.2167295;3209;;koszaliński;165346;1653;66269;40;24;177
40;32;Koszalin;54.2071915,16.2167295;3213;;sławieński;104320;1043;56764;54;113;215
40;32;Koszalin;54.2071915,16.2167295;3215;;szczecinecki;176542;1766;78232;44;18;137
40;32;Koszalin;54.2071915,16.2167295;3216;;świdwiński;109306;1093;47643;44;106;252
40;32;Koszalin;54.2071915,16.2167295;3217;;wałecki;141498;1415;53738;38;45;230
40;32;Koszalin;54.2071915,16.2167295;3261;c;Koszalin;9834;98;107670;1095;27;37
41;32;Szczecin;53.429696,14.6242155;3204;;goleniowski;161548;1616;82567;51;27;122
41;32;Szczecin;53.429696,14.6242155;3205;;gryficki;101737;1017;60885;60;122;194
41;32;Szczecin;53.429696,14.6242155;3206;;gryfiński;186911;1870;82951;44;13;121
41;32;Szczecin;53.429696,14.6242155;3207;;kamieński;100344;1003;47281;47;127;254
41;32;Szczecin;53.429696,14.6242155;3218;;łobeski;106513;1065;37401;35;109;293
41;32;Szczecin;53.429696,14.6242155;3210;;myśliborski;118240;1182;66648;56;87;173
41;32;Szczecin;53.429696,14.6242155;3211;;policki;66533;665;78333;118;233;136
41;32;Szczecin;53.429696,14.6242155;3212;;pyrzycki;72600;726;39873;55;206;286
41;32;Szczecin;53.429696,14.6242155;3214;;stargardzki;151994;1520;120091;79;35;47
41;32;Szczecin;53.429696,14.6242155;3262;c;Szczecin;30060;301;403883;1344;3;7
41;32;Szczecin;53.429696,14.6242155;3263;c;Świnoujście;20207;202;41032;203;9;65
