"","nrk","gmina","teryt","siedziba","nawrocki","trzaskowski","lwkwk","l.wyborcow.upr","lkw","lz","frek1","lgnw","lgnw.x","lgnw.no.x","nawrocki.p","trzaskowski.p","tnr1","lgw","lwkwk2","l.wyborcow.upr2","lkw2","lz2","frek2","lgnw2","lgnw.x.2","lgnw.no.x2","nawrocki2","tnr2","trzaskowski2","nawrocki.p2","trzaskowski.p2","lgw2","rodzaj","country","latitude","longitude"
"1","226101.001","m. Gdańsk","226101","Wczasy 3, 80-509 Gdańsk, Polska",287,451,1098,1468,1100,91,0.749318801089918,3,2,1,26.1622607110301,41.1121239744758,0.611111111111111,1097,1226,1547,1228,137,0.793794440853264,8,3,5,460,0.622950819672131,760,37.7049180327869,62.2950819672131,1220,"miejska","Poland",54.4096465,18.6307634
"2","226101.002","m. Gdańsk","226101","Dworska 29A, 80-506 Gdańsk, Polska",209,542,1183,1590,1181,49,0.742767295597484,3,3,0,17.741935483871,46.0101867572156,0.721704394141145,1178,1202,1590,1203,48,0.756603773584906,20,8,12,362,0.693998309382925,821,30.6001690617075,69.3998309382925,1183,"miejska","Poland",54.4041225,18.6307865
"3","226101.003","m. Gdańsk","226101","Dworska 34, 80-506 Gdańsk, Polska",481,940,2330,3231,2329,52,0.720829464562055,5,0,5,20.697074010327,40.447504302926,0.661505981703026,2324,2603,3377,2604,132,0.771098608232159,21,7,14,874,0.661633759194735,1709,33.8366240805265,66.1633759194735,2583,"miejska","Poland",54.4025485,18.627676
"4","226101.004","m. Gdańsk","226101","Ignacego Krasickiego 10, 80-515 Gdańsk, Polska",252,585,1272,1705,1274,21,0.747214076246334,6,2,4,19.8738170347003,46.1356466876972,0.698924731182796,1268,1340,1740,1342,52,0.771264367816092,9,4,5,420,0.684921230307577,913,31.5078769692423,68.4921230307577,1333,"miejska","Poland",54.4050682,18.6445045
"5","226101.005","m. Gdańsk","226101","Ignacego Krasickiego 10, 80-515 Gdańsk, Polska",273,466,1090,1481,1090,17,0.735989196488859,1,0,1,25.068870523416,42.791551882461,0.630581867388363,1089,1140,1481,1140,39,0.769750168804862,7,3,4,417,0.631950573698147,716,36.8049426301854,63.1950573698147,1133,"miejska","Poland",54.4050682,18.6445045
"6","226101.006","m. Gdańsk","226101","Wyzwolenia 8, 80-537 Gdańsk, Polska",325,605,1409,1947,1407,16,0.722650231124807,7,1,6,23.2142857142857,43.2142857142857,0.650537634408602,1400,1435,1914,1433,29,0.748693834900731,12,2,10,508,0.642505277973258,913,35.7494722026742,64.2505277973258,1421,"miejska","Poland",54.4022056,18.656665
"7","226101.007","m. Gdańsk","226101","Na Zaspę 31A, 80-546 Gdańsk, Polska",340,644,1576,2375,1576,33,0.663578947368421,4,1,3,21.6284987277354,40.9669211195929,0.654471544715447,1572,1664,2353,1664,29,0.707182320441989,16,6,10,638,0.612864077669903,1010,38.7135922330097,61.2864077669903,1648,"miejska","Poland",54.4025418,18.6618732
"8","226101.008","m. Gdańsk","226101","Wolności 6A, 80-538 Gdańsk, Polska",318,602,1531,2442,1531,33,0.626945126945127,11,3,8,20.9210526315789,39.6052631578947,0.654347826086957,1520,1594,2450,1594,54,0.650612244897959,17,14,3,598,0.620798985415346,979,37.9201014584654,62.0798985415346,1577,"miejska","Poland",54.3991252,18.6717221
"9","226101.009","m. Gdańsk","226101","Sucha 29, 80-531 Gdańsk, Polska",299,959,2986,3666,2984,103,0.813966175668303,10,2,8,10.053799596503,32.2461331540013,0.762321144674086,2974,3290,4016,3290,151,0.819223107569721,38,24,14,957,0.705719557195572,2295,29.4280442804428,70.5719557195572,3252,"miejska","Poland",54.3937145,18.6451965
"10","226101.010","m. Gdańsk","226101","Wilhelma Stryjewskiego 25, 80-625 Gdańsk, Polska",288,421,1093,1638,1093,27,0.667277167277167,4,0,4,26.4462809917355,38.6593204775023,0.593794076163611,1089,1135,1634,1134,36,0.694002447980416,10,3,7,488,0.565836298932384,636,43.4163701067616,56.5836298932384,1124,"miejska","Poland",54.3605705,18.7110044
"11","226101.011","m. Gdańsk","226101","Wilhelma Stryjewskiego 25, 80-625 Gdańsk, Polska",292,402,1116,1702,1118,15,0.656874265569918,10,2,8,26.3537906137184,36.2815884476534,0.579250720461095,1108,1157,1683,1159,17,0.688651218062983,18,10,8,493,0.567922874671341,648,43.2077125328659,56.7922874671341,1141,"miejska","Poland",54.3605705,18.7110044
"12","226101.012","m. Gdańsk","226101","Wilhelma Stryjewskiego 28, 80-620 Gdańsk, Polska",222,366,986,1560,988,15,0.633333333333333,8,2,6,22.6530612244898,37.3469387755102,0.622448979591837,980,1049,1565,1050,33,0.670926517571885,9,3,6,437,0.580211335254563,604,41.9788664745437,58.0211335254563,1041,"miejska","Poland",54.361593,18.7119134
"13","226101.013","m. Gdańsk","226101","Wilhelma Stryjewskiego 28, 80-620 Gdańsk, Polska",245,338,916,1422,916,32,0.644163150492264,5,0,5,26.8935236004391,37.1020856201976,0.579759862778731,911,976,1413,976,34,0.690728945506016,10,5,5,422,0.563146997929607,544,43.6853002070393,56.3146997929607,966,"miejska","Poland",54.361593,18.7119134
"14","226101.014","m. Gdańsk","226101","Kłosowa 3, 80-627 Gdańsk, Polska",237,390,993,1455,993,17,0.682474226804124,4,0,4,23.9635995955511,39.4337714863498,0.62200956937799,989,1019,1450,1019,24,0.702758620689655,12,8,4,417,0.585898709036743,590,41.4101290963257,58.5898709036743,1007,"miejska","Poland",54.3608642,18.7202302
"15","226101.015","m. Gdańsk","226101","Sienna 26, 80-605 Gdańsk, Polska",205,376,950,1454,951,27,0.654057771664374,3,3,0,21.6244725738397,39.662447257384,0.647160068846816,948,988,1440,989,37,0.686805555555556,9,6,3,356,0.636734693877551,624,36.3265306122449,63.6734693877551,980,"miejska","Poland",54.3586016,18.691103
"16","226101.016","m. Gdańsk","226101","Sienna 26, 80-605 Gdańsk, Polska",278,347,1028,1509,1030,17,0.682571239231279,9,1,8,27.2282076395691,33.9862879529873,0.5552,1021,1068,1480,1068,13,0.721621621621622,12,8,4,458,0.566287878787879,598,43.3712121212121,56.6287878787879,1056,"miejska","Poland",54.3586016,18.691103
"17","226101.017","m. Gdańsk","226101","Kępna 38, 80-635 Gdańsk, Polska",187,323,824,1307,822,26,0.628921193573068,0,0,0,22.7493917274939,39.294403892944,0.633333333333333,822,942,1399,943,62,0.674052894924946,12,8,4,585,0.371643394199785,346,62.8356605800215,37.1643394199785,931,"miejska","Poland",54.3608588,18.737388
"18","226101.018","m. Gdańsk","226101","Tęczowa 6, 80-680 Gdańsk, Polska",200,464,1004,1286,1005,176,0.78149300155521,5,3,2,20,46.4,0.698795180722892,1000,1156,1417,1157,222,0.81651376146789,6,5,1,357,0.689834926151173,794,31.0165073848827,68.9834926151173,1151,"miejska","Poland",54.34492,18.829471
"19","226101.019","m. Gdańsk","226101","Mieczysława Boguckiego 44, 80-690 Gdańsk, Polska",198,492,1102,1562,1102,51,0.70550576184379,8,1,7,18.0987202925046,44.9725776965265,0.71304347826087,1094,1242,1631,1242,93,0.761496014714899,15,10,5,437,0.643846780766096,790,35.6153219233904,64.3846780766096,1227,"miejska","Poland",54.336485,18.9098532
"20","226101.020","m. Gdańsk","226101","Miałki Szlak 74, 80-717 Gdańsk, Polska",92,184,478,759,478,9,0.629776021080369,2,1,1,19.327731092437,38.655462184874,0.666666666666667,476,498,760,498,18,0.655263157894737,6,5,1,213,0.567073170731707,279,43.2926829268293,56.7073170731707,492,"miejska","Poland",54.3483809,18.6957179
"21","226101.021","m. Gdańsk","226101","Elbląska 54/64, 80-724 Gdańsk, Polska",82,144,359,556,359,5,0.64568345323741,3,0,3,23.0337078651685,40.4494382022472,0.63716814159292,356,398,575,398,12,0.692173913043478,4,2,2,159,0.596446700507614,235,40.3553299492386,59.6446700507614,394,"miejska","Poland",54.3481039,18.6750758
"22","226101.022","m. Gdańsk","226101","Modra 2, 80-736 Gdańsk, Polska",282,429,1177,1740,1177,29,0.676436781609195,7,1,6,24.1025641025641,36.6666666666667,0.60337552742616,1170,1266,1781,1264,41,0.709713644020213,9,8,1,562,0.552191235059761,693,44.7808764940239,55.2191235059761,1255,"miejska","Poland",54.3412685,18.6688418
"23","226101.023","m. Gdańsk","226101","Małomiejska 8A, 80-037 Gdańsk, Polska",289,502,1279,1850,1280,17,0.691891891891892,5,0,5,22.6666666666667,39.3725490196078,0.634639696586599,1275,1341,1870,1342,28,0.717647058823529,21,10,11,512,0.612414837244512,809,38.7585162755488,61.2414837244512,1321,"miejska","Poland",54.330954,18.6280679
"24","226101.024","m. Gdańsk","226101","Małomiejska 8A, 80-037 Gdańsk, Polska",261,476,1240,1920,1242,32,0.646875,1,0,1,21.0314262691378,38.3561643835616,0.645861601085482,1241,1350,1941,1351,28,0.696032972694487,15,10,5,491,0.63248502994012,845,36.751497005988,63.248502994012,1336,"miejska","Poland",54.330954,18.6280679
"25","226101.025","m. Gdańsk","226101","Ubocze 3, 80-052 Gdańsk, Polska",202,216,651,1122,652,19,0.581105169340463,2,0,2,31.0769230769231,33.2307692307692,0.516746411483254,650,654,1110,654,22,0.589189189189189,5,2,3,328,0.494607087827427,321,50.5392912172573,49.4607087827427,649,"miejska","Poland",54.3281616,18.638865
"26","226101.026","m. Gdańsk","226101","Ubocze 3, 80-052 Gdańsk, Polska",136,258,717,1202,717,10,0.596505823627288,3,2,1,19.047619047619,36.1344537815126,0.654822335025381,714,775,1236,775,19,0.627022653721683,14,4,10,304,0.600525624178712,457,39.9474375821288,60.0525624178712,761,"miejska","Poland",54.3281616,18.638865
"27","226101.027","m. Gdańsk","226101","Smoleńska 5/7, 80-058 Gdańsk, Polska",379,664,1714,2647,1711,32,0.646392142047601,9,1,8,22.2679200940071,39.0129259694477,0.636625119846596,1702,1820,2657,1822,35,0.685735792246895,16,7,9,708,0.60797342192691,1098,39.202657807309,60.797342192691,1806,"miejska","Poland",54.3198912,18.6365844
"28","226101.028","m. Gdańsk","226101","Trakt św. Wojciecha 320, 80-001 Gdańsk, Polska",98,225,492,744,493,6,0.662634408602151,4,3,1,20.040899795501,46.0122699386503,0.696594427244582,489,514,744,515,14,0.692204301075269,5,1,4,169,0.668627450980392,341,33.1372549019608,66.8627450980392,510,"miejska","Poland",54.3020923,18.6300464
"29","226101.029","m. Gdańsk","226101","Stroma 19, 80-012 Gdańsk, Polska",84,196,486,671,485,6,0.722801788375559,8,0,8,17.6100628930818,41.0901467505241,0.7,477,523,672,523,11,0.77827380952381,7,4,3,180,0.651162790697674,336,34.8837209302326,65.1162790697674,516,"miejska","Poland",54.2837982,18.6365086
"30","226101.030","m. Gdańsk","226101","Wały Piastowskie 6, 80-855 Gdańsk, Polska",234,684,1654,2191,1659,103,0.757188498402556,6,1,5,14.1560798548094,41.3793103448276,0.745098039215686,1653,1875,2376,1879,170,0.790824915824916,20,12,8,493,0.734803657880581,1366,26.5196342119419,73.4803657880581,1859,"miejska","Poland",54.3585214,18.6486721
"31","226101.031","m. Gdańsk","226101","Korzenna 33/35, 80-851 Gdańsk, Polska",134,266,705,910,705,74,0.774725274725275,4,2,2,19.1155492154066,37.9457917261056,0.665,701,849,1040,849,138,0.816346153846154,11,5,6,276,0.670644391408115,562,32.9355608591885,67.0644391408115,838,"miejska","Poland",54.3539639,18.6480183
"32","226101.032","m. Gdańsk","226101","Karpia 1, 80-882 Gdańsk, Polska",196,475,1087,1530,1090,44,0.712418300653595,4,2,2,18.0478821362799,43.7384898710866,0.707898658718331,1086,1202,1578,1207,100,0.76489226869455,10,6,4,358,0.700918964076859,839,29.9081035923141,70.0918964076859,1197,"miejska","Poland",54.3554139,18.6592083
"33","226101.033","m. Gdańsk","226101","Grobla IV 8, 80-837 Gdańsk, Polska",299,649,1499,2078,1504,100,0.723772858517806,2,0,2,19.9067909454061,43.2090545938748,0.684599156118143,1502,1689,2211,1692,165,0.765264586160109,22,10,12,507,0.696407185628742,1163,30.3592814371257,69.6407185628743,1670,"miejska","Poland",54.352786,18.6549929
"34","226101.034","m. Gdańsk","226101","Długi Targ 39/40, 80-830 Gdańsk, Polska",178,462,1041,1403,1040,186,0.741268709907341,5,3,2,17.1980676328502,44.6376811594203,0.721875,1035,1245,1579,1245,318,0.788473717542749,10,8,2,411,0.667206477732794,824,33.2793522267206,66.7206477732794,1235,"miejska","Poland",54.3486089,18.6540532
"35","226101.035","m. Gdańsk","226101","Żabi Kruk 5, 80-822 Gdańsk, Polska",229,796,1800,2387,1804,86,0.755760368663594,11,2,9,12.7718906860011,44.3948689347462,0.776585365853659,1793,2015,2572,2020,173,0.785381026438569,28,13,15,511,0.743473895582329,1481,25.6526104417671,74.3473895582329,1992,"miejska","Poland",54.3446935,18.649935
"36","226101.036","m. Gdańsk","226101","Śluza 6, 80-770 Gdańsk, Polska",321,673,1729,2698,1729,53,0.640845070422535,8,2,6,18.6519465427077,39.1051714119698,0.677062374245473,1721,1903,2752,1905,96,0.692223837209302,13,9,4,674,0.643763213530655,1218,35.6236786469345,64.3763213530655,1892,"miejska","Poland",54.3421626,18.6572575
"37","226101.037","m. Gdańsk","226101","Łąkowa 61, 80-769 Gdańsk, Polska",175,425,1052,1581,1051,80,0.664769133459836,4,2,2,16.7144221585482,40.5921680993314,0.708333333333333,1047,1133,1600,1134,81,0.70875,10,5,5,385,0.657473309608541,739,34.2526690391459,65.7473309608541,1124,"miejska","Poland",54.3467093,18.6639184
"38","226101.038","m. Gdańsk","226101","Mariana Seredyńskiego 1A, 80-753 Gdańsk, Polska",340,928,2128,2900,2126,70,0.733103448275862,11,1,10,16.0756501182033,43.8770685579196,0.73186119873817,2115,2330,3005,2331,142,0.775707154742097,24,14,10,688,0.701777199826615,1619,29.8222800173385,70.1777199826615,2307,"miejska","Poland",54.3486505,18.6665991
"39","226101.039","m. Gdańsk","226101","Głęboka 11, 80-759 Gdańsk, Polska",150,354,833,1139,833,42,0.73134328358209,3,0,3,18.0722891566265,42.6506024096386,0.702380952380952,830,875,1161,876,44,0.754521963824289,10,4,6,289,0.666281755196305,577,33.3718244803695,66.6281755196305,866,"miejska","Poland",54.3525094,18.6737897
"40","226101.040","m. Gdańsk","226101","Targ Rakowy 11, 80-806 Gdańsk, Polska",77,156,396,622,397,36,0.638263665594855,3,1,2,19.5431472081218,39.5939086294416,0.669527896995708,394,438,657,439,64,0.668188736681887,2,1,1,140,0.679633867276888,297,32.0366132723112,67.9633867276888,437,"miejska","Poland",54.350792,18.6445308
"41","226101.041","m. Gdańsk","226101","Na Stoku 43, 80-811 Gdańsk, Polska",187,280,808,1308,808,18,0.617737003058104,4,1,3,23.2587064676617,34.8258706467662,0.599571734475375,804,865,1317,865,20,0.656795747911921,8,5,3,342,0.600933488914819,515,39.9066511085181,60.0933488914819,857,"miejska","Poland",54.3461938,18.6421322
"42","226101.042","m. Gdańsk","226101","Wielkopolska 20, 80-180 Gdańsk, Polska",193,851,1721,2178,1723,17,0.7910927456382,2,2,0,11.2144102266124,49.4479953515398,0.815134099616858,1721,1770,2178,1774,22,0.814508723599633,10,8,2,438,0.751700680272109,1326,24.8299319727891,75.1700680272109,1764,"miejska","Poland",54.3164178,18.5891806
"43","226101.043","m. Gdańsk","226101","Wielkopolska 20, 80-180 Gdańsk, Polska",245,856,2331,2974,2331,23,0.783792871553463,9,5,4,10.5512489233419,36.8647717484927,0.77747502270663,2322,2531,3070,2533,41,0.825081433224756,30,18,12,717,0.713543747502996,1786,28.6456252497004,71.3543747502996,2503,"miejska","Poland",54.3164178,18.5891806
"44","226101.044","m. Gdańsk","226101","Człuchowska 6, 80-180 Gdańsk, Polska",232,758,1752,2267,1753,21,0.773268636965152,9,3,6,13.302752293578,43.4633027522936,0.765656565656566,1744,1897,2333,1898,57,0.813544792113159,19,15,4,474,0.747738158594997,1405,25.2261841405003,74.7738158594997,1879,"miejska","Poland",54.324927,18.5831406
"45","226101.045","m. Gdańsk","226101","Człuchowska 6, 80-180 Gdańsk, Polska",366,722,1817,2610,1818,23,0.696551724137931,8,2,6,20.2209944751381,39.8895027624309,0.663602941176471,1810,1870,2571,1870,26,0.727343446129911,19,10,9,672,0.636952998379254,1179,36.3047001620746,63.6952998379254,1851,"miejska","Poland",54.324927,18.5831406
"46","226101.046","m. Gdańsk","226101","Człuchowska 6, 80-180 Gdańsk, Polska",169,726,1589,1994,1589,18,0.796890672016048,6,3,3,10.6759317751105,45.8622867972205,0.811173184357542,1583,1630,1967,1630,18,0.828673106253177,15,10,5,381,0.764086687306502,1234,23.5913312693498,76.4086687306501,1615,"miejska","Poland",54.324927,18.5831406
"47","226101.047","m. Gdańsk","226101","Człuchowska 6, 80-180 Gdańsk, Polska",239,682,1546,2094,1546,31,0.738299904489016,2,0,2,15.479274611399,44.1709844559586,0.740499457111835,1544,1623,2093,1623,40,0.775441949354993,17,12,5,494,0.692403486924035,1112,30.7596513075965,69.2403486924035,1606,"miejska","Poland",54.324927,18.5831406
"48","226101.048","m. Gdańsk","226101","Płocka 4, 80-180 Gdańsk, Polska",378,985,2375,2915,2377,27,0.815437392795883,16,3,13,16.010165184244,41.719610334604,0.722670579603815,2361,2474,2941,2476,66,0.841890513430806,18,15,3,711,0.710740439381611,1747,28.9259560618389,71.0740439381611,2458,"miejska","Poland",54.324888,18.5898119
"49","226101.049","m. Gdańsk","226101","Lubelska 3A, 80-180 Gdańsk, Polska",136,359,848,1116,848,22,0.759856630824373,0,0,0,16.0377358490566,42.3349056603774,0.725252525252525,848,891,1103,891,20,0.807796917497733,10,5,5,261,0.703745743473326,620,29.6254256526674,70.3745743473326,881,"miejska","Poland",54.3325445,18.5923717
"50","226101.050","m. Gdańsk","226101"," Centrum Pracy Socjalnej 9, Gdańsk ul. Piekarnicza 16, 80-126 Gdańsk, Polska",127,720,1531,1771,1531,52,0.864483342744212,7,2,5,8.33333333333333,47.244094488189,0.850059031877214,1524,1567,1771,1567,60,0.88481084133258,16,8,8,336,0.783365570599613,1215,21.6634429400387,78.3365570599613,1551,"miejska","Poland",NA,NA
"51","226101.051","m. Gdańsk","226101","Stolema 59, 80-177 Gdańsk, Polska",224,860,2010,2483,2010,17,0.80950463149416,6,3,3,11.1776447105788,42.9141716566866,0.793357933579336,2004,2125,2526,2126,31,0.841646872525732,25,13,12,483,0.770109471680152,1618,22.9890528319848,77.0109471680152,2101,"miejska","Poland",54.3435333,18.5609957
"52","226101.052","m. Gdańsk","226101","Srebrna 11, 80-180 Gdańsk, Polska",245,806,2113,2792,2116,26,0.757879656160458,8,4,4,11.6223908918406,38.2352941176471,0.766888677450048,2108,2276,2906,2279,29,0.784239504473503,36,23,13,693,0.691038787338386,1550,30.8961212661614,69.1038787338386,2243,"miejska","Poland",54.3136665,18.60234
"53","226101.053","m. Gdańsk","226101","Srebrna 11, 80-180 Gdańsk, Polska",231,929,2587,3218,2585,37,0.803293971410814,7,2,5,8.96043444530644,36.0356865787432,0.800862068965517,2578,2709,3312,2709,40,0.817934782608696,37,25,12,722,0.729790419161677,1950,27.0209580838323,72.9790419161677,2672,"miejska","Poland",54.3136665,18.60234
"54","226101.054","m. Gdańsk","226101","Wielkopolska 20, 80-180 Gdańsk, Polska",144,441,1213,1516,1214,54,0.800791556728232,4,1,3,11.900826446281,36.4462809917355,0.753846153846154,1210,1303,1558,1304,58,0.836970474967908,9,8,1,366,0.717374517374517,929,28.2625482625483,71.7374517374517,1295,"miejska","Poland",54.3164178,18.5891806
"55","226101.055","m. Gdańsk","226101","Emilii Hoene 6, 80-041 Gdańsk, Polska",321,754,1723,2180,1725,27,0.791284403669725,13,3,10,18.75,44.0420560747664,0.701395348837209,1712,1804,2173,1806,38,0.831109065807639,22,12,10,612,0.65695067264574,1172,34.304932735426,65.695067264574,1784,"miejska","Poland",54.3270126,18.6243258
"56","226101.056","m. Gdańsk","226101","Emilii Hoene 6, 80-041 Gdańsk, Polska",375,895,2038,2579,2038,23,0.790228770841411,5,2,3,18.4456468273487,44.023610427939,0.704724409448819,2033,2118,2574,2118,46,0.822843822843823,19,15,4,654,0.688423058599333,1445,31.1576941400667,68.8423058599333,2099,"miejska","Poland",54.3270126,18.6243258
"57","226101.057","m. Gdańsk","226101","Emilii Hoene 6, 80-041 Gdańsk, Polska",336,963,2169,2697,2169,31,0.804226918798665,6,3,3,15.5339805825243,44.5214979195562,0.741339491916859,2163,2207,2665,2207,41,0.828142589118199,22,14,8,621,0.715789473684211,1564,28.4210526315789,71.5789473684211,2185,"miejska","Poland",54.3270126,18.6243258
"58","226101.058","m. Gdańsk","226101","Rogalińska 17, 80-809 Gdańsk, Polska",214,957,2143,2569,2143,31,0.834176722460101,7,5,2,10.0187265917603,44.8033707865169,0.817250213492741,2136,2216,2575,2216,41,0.860582524271845,35,2,33,500,0.770747363594681,1681,22.9252636405319,77.0747363594681,2181,"miejska","Poland",54.3323345,18.5971278
"59","226101.059","m. Gdańsk","226101","Rogalińska 17, 80-809 Gdańsk, Polska",230,1026,2111,2595,2110,44,0.813102119460501,10,5,5,10.952380952381,48.8571428571429,0.81687898089172,2100,2222,2585,2223,79,0.859961315280464,24,10,14,510,0.768076398362892,1689,23.1923601637108,76.8076398362892,2199,"miejska","Poland",54.3323345,18.5971278
"60","226101.060","m. Gdańsk","226101","Rogalińska 17, 80-809 Gdańsk, Polska",301,751,1723,2390,1724,39,0.721338912133891,11,3,8,17.5715119673088,43.8412142440163,0.713878326996198,1713,1838,2410,1839,57,0.763070539419087,19,15,4,558,0.693406593406593,1262,30.6593406593407,69.3406593406593,1820,"miejska","Poland",54.3323345,18.5971278
"61","226101.061","m. Gdańsk","226101","Reformacka 18, 80-808 Gdańsk, Polska",417,969,2194,2976,2194,41,0.737231182795699,10,3,7,19.0934065934066,44.3681318681319,0.699134199134199,2184,2232,2933,2232,47,0.760995567678145,31,13,18,732,0.667423898228078,1469,33.2576101771922,66.7423898228078,2201,"miejska","Poland",54.3420354,18.6308752
"62","226101.062","m. Gdańsk","226101","Tytusa Chałubińskiego 13, 80-807 Gdańsk, Polska",288,496,1118,1534,1118,21,0.728813559322034,1,1,0,25.7833482542525,44.4046553267681,0.63265306122449,1117,1157,1500,1158,30,0.772,7,7,0,403,0.6498696785404,748,35.01303214596,64.98696785404,1151,"miejska","Poland",54.3400723,18.6229643
"63","226101.063","m. Gdańsk","226101","Tytusa Chałubińskiego 13, 80-807 Gdańsk, Polska",363,865,1842,2430,1844,17,0.758847736625514,0,0,0,19.6854663774403,46.9088937093276,0.704397394136808,1844,1929,2419,1931,29,0.798263745349318,15,8,7,614,0.679540709812109,1302,32.0459290187891,67.9540709812109,1916,"miejska","Poland",54.3400723,18.6229643
"64","226101.064","m. Gdańsk","226101","Tytusa Chałubińskiego 13, 80-807 Gdańsk, Polska",347,885,1918,2421,1914,21,0.790582403965304,1,0,1,18.1390486147412,46.2624150548876,0.718344155844156,1913,1996,2387,1997,31,0.83661499790532,23,9,14,600,0.696048632218845,1374,30.3951367781155,69.6048632218845,1974,"miejska","Poland",54.3400723,18.6229643
"65","226101.065","m. Gdańsk","226101","Marcina Dragana 22, 80-807 Gdańsk, Polska",375,640,1521,2004,1521,19,0.758982035928144,7,4,3,24.7688243064729,42.2721268163804,0.630541871921182,1514,1556,1980,1556,22,0.785858585858586,16,8,8,567,0.631818181818182,973,36.8181818181818,63.1818181818182,1540,"miejska","Poland",54.339885,18.6148388
"66","226101.066","m. Gdańsk","226101","Marcina Dragana 22, 80-807 Gdańsk, Polska",342,647,1443,1862,1445,13,0.776047261009667,3,1,2,23.7170596393897,44.8682385575589,0.654196157735086,1442,1503,1860,1505,22,0.809139784946237,19,13,6,540,0.636608344549125,946,36.3391655450875,63.6608344549125,1486,"miejska","Poland",54.339885,18.6148388
"67","226101.067","m. Gdańsk","226101","Marcina Dragana 2, 80-807 Gdańsk, Polska",404,617,1572,2045,1573,26,0.76919315403423,6,5,1,25.7817485641353,39.3746011486918,0.604309500489716,1567,1626,2025,1627,29,0.803456790123457,10,5,5,609,0.623376623376623,1008,37.6623376623377,62.3376623376623,1617,"miejska","Poland",54.3392862,18.6078212
"68","226101.068","m. Gdańsk","226101","Marcina Dragana 2, 80-807 Gdańsk, Polska",343,659,1537,1998,1539,30,0.77027027027027,6,1,5,22.3744292237443,42.9876060013046,0.657684630738523,1533,1589,1973,1591,41,0.806386213887481,14,6,8,537,0.659480025364616,1040,34.0519974635384,65.9480025364616,1577,"miejska","Poland",54.3392862,18.6078212
"69","226101.069","m. Gdańsk","226101","Stolema 59, 80-177 Gdańsk, Polska",137,844,1846,2208,1846,61,0.836050724637681,5,2,3,7.44160782183596,45.844649646931,0.860346585117227,1841,1959,2254,1958,87,0.868677905944987,26,18,8,384,0.801242236024845,1548,19.8757763975155,80.1242236024845,1932,"miejska","Poland",54.3435333,18.5609957
"70","226101.070","m. Gdańsk","226101","Stolema 59, 80-177 Gdańsk, Polska",209,973,2238,2652,2238,36,0.843891402714932,8,2,6,9.37219730941704,43.6322869955157,0.823181049069374,2230,2400,2726,2398,47,0.879677182685253,34,22,12,495,0.790609137055838,1869,20.9390862944162,79.0609137055838,2364,"miejska","Poland",54.3435333,18.5609957
"71","226101.071","m. Gdańsk","226101","Damroki 137, 80-177 Gdańsk, Polska",331,1043,2592,3135,2591,33,0.826475279106858,4,1,3,12.7947429454967,40.3169694626981,0.759097525473071,2587,2715,3218,2716,59,0.844002486016159,40,29,11,721,0.730568011958146,1955,26.9431988041854,73.0568011958146,2676,"miejska","Poland",54.3447686,18.559863
"72","226101.072","m. Gdańsk","226101","Damroki 137, 80-177 Gdańsk, Polska",182,688,1548,1980,1552,26,0.783838383838384,6,2,4,11.7723156532988,44.5019404915912,0.790804597701149,1546,1625,1973,1627,25,0.824632539280284,22,8,14,421,0.737694704049844,1184,26.2305295950156,73.7694704049844,1605,"miejska","Poland",54.3447686,18.559863
"73","226101.073","m. Gdańsk","226101","Lawendowe Wzgórze 5, 80-175 Gdańsk, Polska",218,867,2564,3063,2564,48,0.837087822396343,4,1,3,8.515625,33.8671875,0.799078341013825,2560,2757,3259,2757,91,0.845965019944768,28,18,10,671,0.754122389153536,2058,24.5877610846464,75.4122389153536,2729,"miejska","Poland",54.3267447,18.5677095
"74","226101.074","m. Gdańsk","226101","Lawendowe Wzgórze 5, 80-175 Gdańsk, Polska",203,717,1686,2227,1686,44,0.757072294566682,4,0,4,12.0689655172414,42.627824019025,0.779347826086957,1682,1790,2272,1791,48,0.788292253521127,15,9,6,486,0.726351351351351,1290,27.3648648648649,72.6351351351351,1776,"miejska","Poland",54.3267447,18.5677095
"75","226101.075","m. Gdańsk","226101","Lawendowe Wzgórze 5, 80-175 Gdańsk, Polska",213,875,2340,2998,2339,17,0.780186791194129,7,0,7,9.13379073756432,37.5214408233276,0.804227941176471,2332,2539,3121,2536,34,0.81256007689843,26,17,9,686,0.726693227091633,1824,27.3306772908367,72.6693227091633,2510,"miejska","Poland",54.3267447,18.5677095
"76","226101.076","m. Gdańsk","226101","Marcina Dragana 2, 80-807 Gdańsk, Polska",283,783,1539,1896,1540,30,0.812236286919831,6,1,5,18.4485006518905,51.0430247718383,0.734521575984991,1534,1588,1877,1586,35,0.84496537027171,11,5,6,469,0.702222222222222,1106,29.7777777777778,70.2222222222222,1575,"miejska","Poland",54.3392862,18.6078212
"77","226101.077","m. Gdańsk","226101","Kartuska 245B, 80-122 Gdańsk, Polska",282,767,1734,2263,1734,34,0.76623950508175,6,0,6,16.3194444444444,44.3865740740741,0.73117254528122,1728,1780,2232,1781,38,0.797939068100358,11,9,2,485,0.725988700564972,1285,27.4011299435028,72.5988700564972,1770,"miejska","Poland",54.3464238,18.5973715
"78","226101.078","m. Gdańsk","226101","Kartuska 126A, 80-104 Gdańsk, Polska",228,512,1166,1545,1166,41,0.754692556634304,9,4,5,19.7061365600691,44.2523768366465,0.691891891891892,1157,1196,1551,1196,55,0.771115409413282,7,3,4,368,0.690496215306981,821,30.9503784693019,69.0496215306981,1189,"miejska","Poland",54.3481486,18.618513
"79","226101.079","m. Gdańsk","226101","Kartuska 126A, 80-104 Gdańsk, Polska",218,551,1226,1646,1226,14,0.744835965978129,3,0,3,17.8250204415372,45.0531479967294,0.716514954486346,1223,1289,1629,1289,28,0.791282995702885,7,1,6,386,0.698907956318253,896,30.1092043681747,69.8907956318253,1282,"miejska","Poland",54.3481486,18.618513
"80","226101.080","m. Gdańsk","226101","Skarpowa 3, 80-145 Gdańsk, Polska",420,910,2030,2713,2034,46,0.749723553262072,4,0,4,20.6896551724138,44.8275862068966,0.684210526315789,2030,2180,2770,2184,83,0.788447653429603,13,7,6,679,0.687240902809765,1492,31.2759097190235,68.7240902809765,2171,"miejska","Poland",54.3521027,18.6274297
"81","226101.081","m. Gdańsk","226101","Skarpowa 3, 80-145 Gdańsk, Polska",396,768,1841,2534,1854,21,0.73164956590371,6,0,6,21.4285714285714,41.5584415584416,0.65979381443299,1848,1927,2532,1942,36,0.766982622432859,20,13,7,607,0.684183142559833,1315,31.5816857440167,68.4183142559833,1922,"miejska","Poland",54.3521027,18.6274297
"82","226101.082","m. Gdańsk","226101","Cygańska Góra 1, 80-171 Gdańsk, Polska",216,383,968,1275,968,19,0.75921568627451,5,1,4,22.4299065420561,39.7715472481828,0.639398998330551,963,971,1249,971,31,0.77742193755004,5,3,2,362,0.625258799171843,604,37.4741200828157,62.5258799171843,966,"miejska","Poland",54.3585582,18.6195392
"83","226101.083","m. Gdańsk","226101","Ludwika Beethovena 20, 80-171 Gdańsk, Polska",403,886,2010,2608,2010,40,0.770705521472393,2,0,2,20.0697211155378,44.1235059760956,0.687354538401862,2008,2095,2601,2099,61,0.806997308727412,12,3,9,702,0.663632007666507,1385,33.6367992333493,66.3632007666507,2087,"miejska","Poland",54.3566885,18.6140949
"84","226101.084","m. Gdańsk","226101","Piotra Czajkowskiego 1, 80-169 Gdańsk, Polska",317,688,1558,2130,1558,15,0.731455399061033,6,4,2,20.4252577319588,44.3298969072165,0.684577114427861,1552,1656,2118,1657,21,0.782341831916903,13,12,1,530,0.677615571776156,1114,32.2384428223844,67.7615571776156,1644,"miejska","Poland",54.3535939,18.6031279
"85","226101.085","m. Gdańsk","226101","Piotra Czajkowskiego 1, 80-169 Gdańsk, Polska",348,701,1597,2150,1597,39,0.742790697674419,6,0,6,21.8730358265242,44.0603394091766,0.668255481410868,1591,1629,2101,1604,40,0.763445978105664,16,7,9,542,0.658690176322418,1046,34.1309823677582,65.8690176322418,1588,"miejska","Poland",54.3535939,18.6031279
"86","226101.086","m. Gdańsk","226101","Poli Gojawiczyńskiej 10, 80-286 Gdańsk, Polska",364,853,1826,2326,1826,28,0.785038693035254,8,3,5,20.02200220022,46.9196919691969,0.700903861955629,1818,1860,2302,1860,42,0.807993049522155,20,12,8,583,0.683152173913044,1257,31.6847826086956,68.3152173913043,1840,"miejska","Poland",54.3587949,18.5933031
"87","226101.087","m. Gdańsk","226101","Poli Gojawiczyńskiej 10, 80-286 Gdańsk, Polska",305,1039,2344,2916,2347,28,0.804869684499314,9,4,5,13.0453378956373,44.4396920444825,0.773065476190476,2338,2453,2945,2457,47,0.834295415959253,18,13,5,641,0.737187371873719,1798,26.2812628126281,73.7187371873719,2439,"miejska","Poland",54.3587949,18.5933031
"88","226101.088","m. Gdańsk","226101","Antoniego Dobrowolskiego 6, 80-286 Gdańsk, Polska",324,1119,2703,3272,2703,34,0.826100244498778,6,2,4,12.0133481646274,41.4905450500556,0.775467775467775,2697,2868,3419,2869,58,0.839134249780638,43,26,17,671,0.762561924982307,2155,23.7438075017693,76.2561924982307,2826,"miejska","Poland",54.361696,18.5886551
"89","226101.089","m. Gdańsk","226101","Heleny Marusarzówny 10, 80-288 Gdańsk, Polska",187,953,2080,2494,2081,17,0.834402566158781,8,6,2,9.02074288470815,45.9720212252774,0.835964912280702,2073,2141,2522,2140,37,0.84853291038858,17,10,7,439,0.793217145548752,1684,20.6782854451248,79.3217145548752,2123,"miejska","Poland",54.3585025,18.5736126
"90","226101.090","m. Gdańsk","226101","Heleny Marusarzówny 10, 80-288 Gdańsk, Polska",228,978,2155,2665,2153,17,0.807879924953096,8,4,4,10.6293706293706,45.5944055944056,0.810945273631841,2145,2239,2676,2238,27,0.836322869955157,26,17,9,506,0.77124773960217,1706,22.875226039783,77.124773960217,2212,"miejska","Poland",54.3585025,18.5736126
"91","226101.091","m. Gdańsk","226101","Heleny Marusarzówny 10, 80-288 Gdańsk, Polska",326,891,1961,2507,1962,18,0.782608695652174,10,4,6,16.7008196721311,45.6454918032787,0.732128184059162,1952,2063,2536,2064,31,0.813880126182965,18,11,7,580,0.716520039100684,1466,28.3479960899316,71.6520039100684,2046,"miejska","Poland",54.3585025,18.5736126
"92","226101.092","m. Gdańsk","226101","Heleny Marusarzówny 10, 80-288 Gdańsk, Polska",375,950,2039,2680,2042,23,0.761940298507463,4,0,4,18.4003925417076,46.6143277723258,0.716981132075472,2038,2172,2698,2174,35,0.805782060785767,20,11,9,649,0.698700092850511,1505,30.1299907149489,69.8700092850511,2154,"miejska","Poland",54.3585025,18.5736126
"93","226101.093","m. Gdańsk","226101","Heleny Marusarzówny 10, 80-288 Gdańsk, Polska",347,833,1821,2283,1819,37,0.796758650897941,5,2,3,19.1289966923925,45.9206174200662,0.705932203389831,1814,1897,2299,1898,67,0.82557633753806,26,16,10,573,0.693910256410256,1299,30.6089743589744,69.3910256410256,1872,"miejska","Poland",54.3585025,18.5736126
"94","226101.094","m. Gdańsk","226101","Jaśkowa Dolina 105, 80-286 Gdańsk, Polska",292,597,1333,1717,1332,38,0.775771694816541,2,2,0,21.9548872180451,44.8872180451128,0.671541057367829,1330,1401,1731,1401,48,0.809358752166378,9,4,5,453,0.674568965517241,939,32.5431034482759,67.4568965517241,1392,"miejska","Poland",54.3584385,18.5860329
"95","226101.095","m. Gdańsk","226101","Księcia Józefa Poniatowskiego 13, 80-156 Gdańsk, Polska",218,750,1474,1802,1476,22,0.819089900110988,4,2,2,14.8097826086957,50.9510869565217,0.774793388429752,1472,1511,1772,1514,32,0.854401805869074,24,13,11,362,0.757046979865772,1128,24.2953020134228,75.7046979865772,1490,"miejska","Poland",54.357105,18.6303015
"96","226101.096","m. Gdańsk","226101","Mariana Smoluchowskiego 13, 80-214 Gdańsk, Polska",233,586,1483,1943,1484,52,0.76376737004632,3,0,3,15.7326130992573,39.5678595543552,0.715506715506716,1481,1451,1894,1453,35,0.767159450897571,10,3,7,389,0.73042273042273,1054,26.957726957727,73.042273042273,1443,"miejska","Poland",54.3673715,18.6260845
"97","226101.097","m. Gdańsk","226101","Zielony Trójkąt 1, 80-869 Gdańsk, Polska",320,596,1622,2278,1625,31,0.713345039508341,7,1,6,19.7775030902349,36.8355995055624,0.650655021834061,1618,1729,2327,1731,47,0.743876235496347,23,11,12,580,0.660421545667447,1128,33.9578454332553,66.0421545667447,1708,"miejska","Poland",54.3785573,18.6293259
"98","226101.098","m. Gdańsk","226101","Leśna Góra 2, 80-281 Gdańsk, Polska",324,780,1642,2046,1642,11,0.802541544477028,4,1,3,19.7802197802198,47.6190476190476,0.706521739130435,1638,1664,2030,1665,26,0.820197044334975,17,10,7,495,0.699635922330097,1153,30.0364077669903,69.9635922330097,1648,"miejska","Poland",54.3759711,18.5618948
"99","226101.099","m. Gdańsk","226101","Leśna Góra 2, 80-281 Gdańsk, Polska",309,632,1454,1964,1454,17,0.740325865580448,3,0,3,21.2956581667815,43.5561681598897,0.671625929861849,1451,1520,1952,1521,25,0.779200819672131,12,7,5,477,0.68389662027833,1032,31.610337972167,68.389662027833,1509,"miejska","Poland",54.3759711,18.5618948
"100","226101.100","m. Gdańsk","226101","Juliusza Słowackiego 101, 80-281 Gdańsk, Polska",235,737,1456,1809,1456,40,0.804864566058596,4,0,4,16.1845730027548,50.7575757575758,0.758230452674897,1452,1488,1778,1489,39,0.837457817772778,10,6,4,413,0.720757268424611,1066,27.9242731575389,72.0757268424611,1479,"miejska","Poland",54.3738311,18.5660594
"101","226101.101","m. Gdańsk","226101","Srebrniki 10, 80-282 Gdańsk, Polska",274,546,1313,1730,1314,27,0.759537572254335,6,2,4,20.9480122324159,41.743119266055,0.665853658536585,1308,1396,1751,1398,44,0.798400913763564,17,11,6,410,0.703113685734975,971,29.6886314265025,70.3113685734975,1381,"miejska","Poland",54.3774471,18.580985
"102","226101.102","m. Gdańsk","226101","Obywatelska 1, 80-259 Gdańsk, Polska",229,609,1481,2060,1483,36,0.719902912621359,4,2,2,15.4834347532116,41.1764705882353,0.72673031026253,1479,1581,2085,1582,39,0.758752997601918,12,5,7,428,0.727388535031847,1142,27.2611464968153,72.7388535031847,1570,"miejska","Poland",54.3806542,18.5940403
"103","226101.103","m. Gdańsk","226101","Obywatelska 1, 80-259 Gdańsk, Polska",243,950,2061,2640,2061,26,0.780681818181818,2,0,2,11.8018455560952,46.138902379796,0.796311818943839,2059,2246,2734,2246,78,0.821506949524506,24,10,14,538,0.757875787578758,1684,24.2124212421242,75.7875787578758,2222,"miejska","Poland",54.3806542,18.5940403
"104","226101.104","m. Gdańsk","226101","Topolowa 7, 80-255 Gdańsk, Polska",172,547,1161,1453,1162,24,0.799724707501721,9,7,2,14.9176062445794,47.4414570685169,0.760778859527121,1153,1169,1452,1170,29,0.805785123966942,15,9,6,320,0.722943722943723,835,27.7056277056277,72.2943722943723,1155,"miejska","Poland",54.376702,18.5955422
"105","226101.105","m. Gdańsk","226101","Matki Polki 3A, 80-251 Gdańsk, Polska",191,569,1348,1800,1351,35,0.750555555555556,5,3,2,14.1901931649331,42.2734026745914,0.748684210526316,1346,1435,1835,1440,51,0.784741144414169,15,12,3,374,0.737543859649123,1051,26.2456140350877,73.7543859649123,1425,"miejska","Poland",54.3774982,18.6027091
"106","226101.106","m. Gdańsk","226101","Partyzantów 36, 80-254 Gdańsk, Polska",148,391,989,1322,989,27,0.748108925869894,3,2,1,15.0101419878296,39.6551724137931,0.725417439703154,986,1046,1343,1045,42,0.778108711839166,15,5,10,251,0.75631067961165,779,24.368932038835,75.631067961165,1030,"miejska","Poland",54.3778759,18.599895
"107","226101.107","m. Gdańsk","226101","Jaśkowa Dolina 2, 80-252 Gdańsk, Polska",154,406,907,1286,910,27,0.707620528771384,4,1,3,16.9977924944812,44.8123620309051,0.725,906,993,1299,996,44,0.766743648960739,10,2,8,280,0.716024340770791,706,28.3975659229209,71.6024340770791,986,"miejska","Poland",54.3770282,18.6085704
"108","226101.108","m. Gdańsk","226101","Jaśkowa Dolina 31, 80-286 Gdańsk, Polska",226,604,1324,1699,1325,26,0.779870512065921,3,1,2,17.0953101361573,45.6883509833585,0.727710843373494,1322,1365,1686,1367,42,0.81079478054567,14,8,6,384,0.716186252771619,969,28.3813747228381,71.6186252771619,1353,"miejska","Poland",54.37308,18.6007093
"109","226101.109","m. Gdańsk","226101","Romualda Traugutta 92, 80-226 Gdańsk, Polska",121,362,975,1284,975,33,0.759345794392523,4,0,4,12.4613800205973,37.2811534500515,0.749482401656315,971,993,1278,992,40,0.776212832550861,12,6,6,262,0.73265306122449,718,26.734693877551,73.265306122449,980,"miejska","Poland",54.371234,18.6092924
"110","226101.110","m. Gdańsk","226101","Jana Sobieskiego 90, 80-216 Gdańsk, Polska",113,275,656,808,657,14,0.813118811881188,1,1,0,17.2256097560976,41.9207317073171,0.708762886597938,656,706,843,708,23,0.839857651245552,9,5,4,197,0.718168812589413,502,28.1831187410587,71.8168812589414,699,"miejska","Poland",54.3601411,18.6097494
"111","226101.111","m. Gdańsk","226101","Grzegorza Piramowicza 1/2, 80-218 Gdańsk, Polska",120,289,726,1026,728,22,0.709551656920078,3,1,2,16.551724137931,39.8620689655172,0.706601466992665,725,741,1005,745,29,0.741293532338308,4,3,1,236,0.681511470985155,505,31.8488529014845,68.1511470985155,741,"miejska","Poland",54.3749245,18.6219222
"112","226101.112","m. Gdańsk","226101","Stefana Czarnieckiego 2, 80-239 Gdańsk, Polska",139,429,1010,1370,1011,26,0.737956204379562,10,2,8,13.8861138861139,42.8571428571429,0.755281690140845,1001,1015,1353,1017,37,0.751662971175166,5,1,4,267,0.736166007905138,745,26.3833992094862,73.6166007905138,1012,"miejska","Poland",54.3775839,18.6129844
"113","226101.113","m. Gdańsk","226101","Aleja Gen. Józefa Hallera 16/18, 80-426 Gdańsk, Polska",300,700,1866,2424,1866,35,0.76980198019802,2,2,0,16.0944206008584,37.5536480686695,0.7,1864,1878,2421,1878,51,0.775712515489467,18,12,6,563,0.697311827956989,1297,30.2688172043011,69.7311827956989,1860,"miejska","Poland",54.3800875,18.6212761
"114","226101.114","m. Gdańsk","226101","Racławicka 17, 80-406 Gdańsk, Polska",177,395,987,1372,981,14,0.715014577259475,4,0,4,18.1166837256909,40.4298874104401,0.690559440559441,977,1027,1357,1027,20,0.756816507000737,20,9,11,325,0.677259185700099,682,32.2740814299901,67.7259185700099,1007,"miejska","Poland",54.38652,18.6284121
"115","226101.115","m. Gdańsk","226101","Tadeusza Kościuszki 111, 80-427 Gdańsk, Polska",254,490,1243,1679,1244,16,0.740917212626563,4,3,1,20.4838709677419,39.5161290322581,0.658602150537634,1240,1296,1680,1297,29,0.77202380952381,22,14,8,418,0.672156862745098,857,32.7843137254902,67.2156862745098,1275,"miejska","Poland",54.387499,18.6251534
"116","226101.116","m. Gdańsk","226101","Tadeusza Kościuszki 111, 80-427 Gdańsk, Polska",321,796,1990,2553,1991,36,0.779866823345084,8,0,8,16.1875945537065,40.1412002017146,0.712623097582811,1983,2121,2611,2123,60,0.813098429720414,22,14,8,584,0.722037125178486,1517,27.7962874821514,72.2037125178486,2101,"miejska","Poland",54.387499,18.6251534
"117","226101.117","m. Gdańsk","226101","Wrzeszczańska 29, 80-409 Gdańsk, Polska",237,459,1033,1436,1033,12,0.719359331476323,7,4,3,23.0994152046784,44.7368421052632,0.65948275862069,1026,1045,1416,1046,17,0.738700564971751,8,3,5,326,0.685934489402698,712,31.4065510597302,68.5934489402698,1038,"miejska","Poland",54.388847,18.6272235
"118","226101.118","m. Gdańsk","226101","Lilli Wenedy 19, 80-419 Gdańsk, Polska",180,624,1319,1703,1321,22,0.775689958896066,2,0,2,13.6467020470053,47.3085670962851,0.776119402985075,1319,1390,1698,1391,34,0.819199057714959,11,6,5,353,0.744202898550725,1027,25.5797101449275,74.4202898550725,1380,"miejska","Poland",54.384963,18.617511
"119","226101.119","m. Gdańsk","226101","Aleja Legionów 3, 80-441 Gdańsk, Polska",225,535,1384,1823,1383,42,0.758639605046626,3,0,3,16.304347826087,38.768115942029,0.703947368421053,1380,1474,1857,1474,57,0.793753365643511,14,6,8,430,0.705479452054795,1030,29.4520547945205,70.5479452054795,1460,"miejska","Poland",54.3840555,18.6150081
"120","226101.120","m. Gdańsk","226101","Aleja Legionów 7, 80-441 Gdańsk, Polska",234,458,1325,1833,1325,29,0.722858701582106,4,1,3,17.7138531415594,34.670704012112,0.661849710982659,1321,1379,1853,1379,38,0.744198596869941,11,7,4,415,0.696637426900585,953,30.3362573099415,69.6637426900585,1368,"miejska","Poland",54.3851241,18.6141208
"121","226101.121","m. Gdańsk","226101","Aleja Legionów 11, 80-441 Gdańsk, Polska",234,440,1109,1525,1109,14,0.727213114754098,6,3,3,21.2148685403445,39.8912058023572,0.652818991097923,1103,1170,1535,1170,30,0.762214983713355,10,8,2,399,0.656034482758621,761,34.3965517241379,65.6034482758621,1160,"miejska","Poland",54.3863317,18.6119204
"122","226101.122","m. Gdańsk","226101","Jana Pestalozziego 11/13, 80-445 Gdańsk, Polska",193,499,1240,1698,1242,18,0.731448763250883,4,0,4,15.5896607431341,40.3069466882068,0.721098265895954,1238,1382,1754,1383,43,0.7884834663626,13,5,8,393,0.713138686131387,977,28.6861313868613,71.3138686131387,1370,"miejska","Poland",54.3859925,18.6089439
"123","226101.123","m. Gdańsk","226101","Jana Pestalozziego 7/9, 80-445 Gdańsk, Polska",143,405,895,1300,896,39,0.689230769230769,1,1,0,15.9776536312849,45.2513966480447,0.739051094890511,895,952,1295,950,41,0.733590733590734,6,3,3,261,0.723516949152542,683,27.6483050847458,72.3516949152542,944,"miejska","Poland",54.3853938,18.6093496
"124","226101.124","m. Gdańsk","226101","płk. Wilka-Krzyżanowskiego 8, 80-271 Gdańsk, Polska",228,672,1437,1869,1438,33,0.769395398608882,5,3,2,15.910676901605,46.8946266573622,0.746666666666667,1433,1499,1865,1498,50,0.803217158176944,33,24,9,374,0.744709897610922,1091,25.5290102389079,74.4709897610922,1465,"miejska","Poland",54.3878516,18.578576
"125","226101.125","m. Gdańsk","226101","ks. Bernarda Sychty 12, 80-276 Gdańsk, Polska",132,537,1053,1296,1054,30,0.813271604938272,4,1,3,12.5714285714286,51.1428571428571,0.802690582959641,1050,1108,1323,1109,58,0.838246409674981,7,4,3,251,0.772232304900181,851,22.7767695099819,77.2232304900182,1102,"miejska","Poland",54.3861932,18.58273
"126","226101.126","m. Gdańsk","226101","Aleja Grunwaldzka 238, 80-266 Gdańsk, Polska",127,397,851,1093,851,24,0.778591033851784,3,2,1,14.9764150943396,46.8160377358491,0.75763358778626,848,899,1099,899,42,0.818016378525933,5,2,3,231,0.741610738255034,663,25.8389261744966,74.1610738255034,894,"miejska","Poland",54.390516,18.58504
"127","226101.127","m. Gdańsk","226101","Zbigniewa Burzyńskiego 10, 80-462 Gdańsk, Polska",339,889,1943,2513,1943,23,0.773179466772781,7,2,5,17.5103305785124,45.9194214876033,0.723941368078176,1936,2052,2534,2054,36,0.810576164167324,21,11,10,585,0.71224790949336,1448,28.775209050664,71.224790949336,2033,"miejska","Poland",54.3960581,18.6084165
"128","226101.128","m. Gdańsk","226101","Zbigniewa Burzyńskiego 10, 80-462 Gdańsk, Polska",422,997,2089,2667,2091,20,0.784026996625422,7,3,4,20.2495201535509,47.8406909788868,0.702607470049331,2084,2144,2683,2146,53,0.799850913156914,22,13,9,645,0.696327683615819,1479,30.3672316384181,69.6327683615819,2124,"miejska","Poland",54.3960581,18.6084165
"129","226101.129","m. Gdańsk","226101","Konstantego Ciołkowskiego 10, 80-463 Gdańsk, Polska",263,661,1369,1792,1369,17,0.763950892857143,1,0,1,19.2251461988304,48.3187134502924,0.715367965367965,1368,1420,1782,1420,34,0.79685746352413,20,9,11,421,0.699285714285714,979,30.0714285714286,69.9285714285714,1400,"miejska","Poland",54.3911511,18.6125246
"130","226101.130","m. Gdańsk","226101","Janusza Meissnera 9, 80-462 Gdańsk, Polska",296,617,1281,1702,1281,33,0.752643948296122,10,3,7,23.2887490165224,48.5444531864674,0.67579408543264,1271,1344,1714,1345,58,0.784714119019837,7,0,7,464,0.65321375186846,874,34.678624813154,65.321375186846,1338,"miejska","Poland",54.4020203,18.6040397
"131","226101.131","m. Gdańsk","226101","Janusza Meissnera 9, 80-462 Gdańsk, Polska",217,763,1613,1922,1616,28,0.840790842872008,5,4,1,13.4698944754811,47.3618870266915,0.778571428571429,1611,1683,1951,1686,36,0.86417221937468,18,12,6,406,0.756594724220623,1262,24.3405275779376,75.6594724220624,1668,"miejska","Poland",54.4020203,18.6040397
"132","226101.132","m. Gdańsk","226101","Pilotów 7, 80-460 Gdańsk, Polska",237,498,1207,1563,1208,32,0.772872680742163,5,5,0,19.7007481296758,41.3965087281795,0.677551020408163,1203,1236,1572,1238,44,0.787531806615776,20,20,0,380,0.688013136288998,838,31.1986863711002,68.8013136288998,1218,"miejska","Poland",54.3929871,18.5936792
"133","226101.133","m. Gdańsk","226101","Pilotów 7, 80-460 Gdańsk, Polska",259,671,1463,1864,1466,13,0.786480686695279,2,1,1,17.6912568306011,45.8333333333333,0.721505376344086,1464,1536,1902,1537,27,0.808096740273396,14,9,5,425,0.720945502298096,1098,27.9054497701904,72.0945502298096,1523,"miejska","Poland",54.3929871,18.5936792
"134","226101.134","m. Gdańsk","226101","Startowa 9, 80-461 Gdańsk, Polska",248,542,1166,1495,1166,16,0.779933110367893,5,2,3,21.3608957795004,46.6838931955211,0.686075949367089,1161,1193,1486,1193,23,0.802826379542396,12,7,5,379,0.679085520745131,802,32.0914479254869,67.9085520745131,1181,"miejska","Poland",54.395089,18.5957737
"135","226101.135","m. Gdańsk","226101","Startowa 9, 80-461 Gdańsk, Polska",212,505,1103,1399,1103,6,0.788420300214439,2,0,2,19.2552225249773,45.8673932788374,0.704323570432357,1101,1162,1403,1162,16,0.828225231646472,16,11,5,334,0.708551483420593,812,29.1448516579407,70.8551483420593,1146,"miejska","Poland",54.395089,18.5957737
"136","226101.136","m. Gdańsk","226101","Dywizjonu 303 nr 27, 80-462 Gdańsk, Polska",321,784,1711,2140,1713,20,0.800467289719626,2,0,2,18.7609585037989,45.8211572180012,0.709502262443439,1711,1791,2181,1796,32,0.823475469967905,23,8,15,484,0.727016356457981,1289,27.2983643542019,72.7016356457981,1773,"miejska","Poland",54.3930161,18.600846
"137","226101.137","m. Gdańsk","226101","Dywizjonu 303 nr 27, 80-462 Gdańsk, Polska",313,816,1828,2278,1825,34,0.801141352063213,8,3,5,17.2261970280682,44.9091909741332,0.722763507528786,1817,1919,2322,1919,40,0.826442721791559,20,11,9,540,0.71563981042654,1359,28.436018957346,71.563981042654,1899,"miejska","Poland",54.3930161,18.600846
"138","226101.138","m. Gdańsk","226101","Opolska 9, 80-395 Gdańsk, Polska",266,478,1139,1574,1142,29,0.725540025412961,4,3,1,23.3743409490334,42.0035149384886,0.64247311827957,1138,1214,1589,1216,34,0.765261170547514,16,7,9,445,0.629166666666667,755,37.0833333333333,62.9166666666667,1200,"miejska","Poland",54.402311,18.6005348
"139","226101.139","m. Gdańsk","226101","Opolska 9, 80-395 Gdańsk, Polska",230,457,1082,1495,1083,10,0.724414715719064,2,1,1,21.2765957446809,42.2756706753006,0.665211062590975,1081,1116,1495,1115,14,0.745819397993311,16,11,5,367,0.666060054595086,732,33.3939945404914,66.6060054595086,1099,"miejska","Poland",54.402311,18.6005348
"140","226101.140","m. Gdańsk","226101","Kołobrzeska 49, 80-391 Gdańsk, Polska",244,478,1130,1468,1130,17,0.769754768392371,6,1,5,21.7081850533808,42.5266903914591,0.662049861495845,1124,1194,1466,1194,24,0.814461118690314,11,7,4,375,0.683009298393914,808,31.6990701606086,68.3009298393914,1183,"miejska","Poland",54.405902,18.5932135
"141","226101.141","m. Gdańsk","226101","Kołobrzeska 49, 80-391 Gdańsk, Polska",248,516,1196,1646,1197,17,0.727217496962333,3,1,2,20.7705192629816,43.21608040201,0.675392670157068,1194,1232,1635,1234,36,0.754740061162079,15,11,4,407,0.666119770303528,812,33.3880229696473,66.6119770303527,1219,"miejska","Poland",54.405902,18.5932135
"142","226101.142","m. Gdańsk","226101","Kołobrzeska 75, 80-396 Gdańsk, Polska",270,827,1786,2398,1771,35,0.738532110091743,3,0,3,15.2714932126697,46.7760180995475,0.7538742023701,1768,1931,2442,1931,53,0.790745290745291,16,16,0,486,0.74621409921671,1429,25.378590078329,74.621409921671,1915,"miejska","Poland",54.4071171,18.6012638
"143","226101.143","m. Gdańsk","226101","Kołobrzeska 75, 80-396 Gdańsk, Polska",273,474,1217,1700,1217,9,0.715882352941177,4,2,2,22.5061830173124,39.0766694146744,0.634538152610442,1213,1281,1716,1281,25,0.746503496503496,8,4,4,466,0.633935585231736,807,36.6064414768264,63.3935585231736,1273,"miejska","Poland",54.4071171,18.6012638
"144","226101.144","m. Gdańsk","226101","Kołobrzeska 77, 80-396 Gdańsk, Polska",316,705,1585,2107,1585,44,0.752254390128144,6,3,3,20.0126662444585,44.6485117162761,0.690499510284035,1579,1700,2138,1701,60,0.795603367633302,19,8,11,539,0.679548156956005,1143,32.0451843043995,67.9548156956005,1682,"miejska","Poland",54.4064154,18.6026098
"145","226101.145","m. Gdańsk","226101","Prezydenta Lecha Kaczyńskiego 35, 80-365 Gdańsk, Polska",228,681,1467,1849,1467,55,0.793401838831801,5,1,4,15.5950752393981,46.5800273597811,0.749174917491749,1462,1539,1877,1539,76,0.819925412892914,16,10,6,407,0.732764281024294,1116,26.7235718975706,73.2764281024294,1523,"miejska","Poland",54.4091162,18.6055847
"146","226101.146","m. Gdańsk","226101","Jagiellońska 24, 80-366 Gdańsk, Polska",176,436,939,1260,940,66,0.746031746031746,0,0,0,18.7234042553191,46.3829787234043,0.712418300653595,940,982,1276,983,49,0.770376175548589,8,4,4,307,0.685128205128205,668,31.4871794871795,68.5128205128205,975,"miejska","Poland",54.4110204,18.598754
"147","226101.147","m. Gdańsk","226101","Jagiellońska 5, 80-371 Gdańsk, Polska",243,560,1234,1715,1233,46,0.718950437317784,6,1,5,19.8044009779951,45.639771801141,0.697384806973848,1227,1353,1762,1352,99,0.767309875141884,10,4,6,430,0.679582712369598,912,32.0417287630402,67.9582712369598,1342,"miejska","Poland",54.4130789,18.5893523
"148","226101.148","m. Gdańsk","226101","Jagiellońska 5, 80-371 Gdańsk, Polska",221,587,1332,1827,1333,21,0.729611384783799,1,1,0,16.5915915915916,44.0690690690691,0.726485148514851,1332,1428,1867,1429,38,0.765399035886449,21,11,10,415,0.705255681818182,993,29.4744318181818,70.5255681818182,1408,"miejska","Poland",54.4130789,18.5893523
"149","226101.149","m. Gdańsk","226101","Jagiellońska 14, 80-371 Gdańsk, Polska",226,478,1115,1557,1115,7,0.716120745022479,8,1,7,20.4155374887082,43.1797651309846,0.678977272727273,1107,1138,1538,1139,11,0.740572171651495,13,3,10,370,0.671403197158082,756,32.8596802841918,67.1403197158082,1126,"miejska","Poland",54.4114472,18.5927202
"150","226101.150","m. Gdańsk","226101","Jagiellońska 14, 80-371 Gdańsk, Polska",219,407,998,1412,996,31,0.705382436260623,6,1,5,22.1212121212121,41.1111111111111,0.650159744408946,990,1062,1428,1063,56,0.744397759103641,7,4,3,374,0.645833333333333,682,35.4166666666667,64.5833333333333,1056,"miejska","Poland",54.4114472,18.5927202
"151","226101.151","m. Gdańsk","226101","Czerwony Dwór 21, 80-376 Gdańsk, Polska",233,652,1443,1914,1445,31,0.75496342737722,3,0,3,16.1581137309293,45.2149791955617,0.736723163841808,1442,1473,1893,1473,45,0.778129952456418,12,7,5,425,0.709103353867214,1036,29.0896646132786,70.9103353867214,1461,"miejska","Poland",54.4113822,18.5857562
"152","226101.152","m. Gdańsk","226101","Czerwony Dwór 21, 80-376 Gdańsk, Polska",228,716,1506,1954,1507,31,0.771238485158649,8,3,5,15.2101400933956,47.765176784523,0.758474576271186,1499,1515,1922,1515,21,0.788241415192508,13,5,8,388,0.74167776298269,1114,25.832223701731,74.167776298269,1502,"miejska","Poland",54.4113822,18.5857562
"153","226101.153","m. Gdańsk","226101","Zgody II 6, 80-380 Gdańsk, Polska",270,1017,2190,2771,2192,35,0.791050162396247,10,8,2,12.3739688359303,46.6086159486709,0.79020979020979,2182,2344,2812,2346,46,0.834281650071124,22,15,7,542,0.766781411359725,1782,23.3218588640275,76.6781411359725,2324,"miejska","Poland",54.4080625,18.5845569
"154","226101.154","m. Gdańsk","226101","Zgody II 6, 80-380 Gdańsk, Polska",342,772,1831,2384,1835,46,0.769714765100671,6,2,4,18.6987424822307,42.2088572990705,0.692998204667864,1829,1910,2399,1914,48,0.797832430179241,12,7,5,544,0.713985278654048,1358,28.6014721345952,71.3985278654048,1902,"miejska","Poland",54.4080625,18.5845569
"155","226101.155","m. Gdańsk","226101","Kołobrzeska 25E, 80-390 Gdańsk, Polska",231,709,1817,2242,1820,31,0.811775200713649,9,4,5,12.7553837658752,39.149641082275,0.754255319148936,1811,1950,2352,1953,51,0.830357142857143,13,7,6,493,0.745876288659794,1447,25.4123711340206,74.5876288659794,1940,"miejska","Poland",54.403938,18.5839114
"156","226101.156","m. Gdańsk","226101","Arkońska 17, 80-387 Gdańsk, Polska",281,655,1618,2026,1619,56,0.799111549851925,2,1,1,17.3778602350031,40.5071119356834,0.699786324786325,1617,1643,2011,1644,53,0.817503729487817,13,5,8,488,0.700797057020233,1143,29.9202942979767,70.0797057020233,1631,"miejska","Poland",54.4035045,18.5788604
"157","226101.157","m. Gdańsk","226101","Radarowa 26, 80-298 Gdańsk, Polska",325,987,2176,2732,2176,90,0.796486090775988,3,1,2,14.9562816382881,45.421076852278,0.752286585365854,2173,2278,2745,2278,111,0.829872495446266,18,13,5,701,0.689823008849557,1559,31.0176991150443,68.9823008849557,2260,"miejska","Poland",54.3863106,18.4857272
"158","226101.158","m. Gdańsk","226101","mjr. Mieczysława Słabego 6, 80-298 Gdańsk, Polska",294,854,1807,2324,1806,36,0.77710843373494,10,5,5,16.369710467706,47.5501113585746,0.74390243902439,1796,1897,2347,1898,52,0.808691947166596,13,11,2,510,0.729442970822281,1375,27.0557029177719,72.9442970822281,1885,"miejska","Poland",54.3714039,18.5244117
"159","226101.159","m. Gdańsk","226101","Azaliowa 18, 80-177 Gdańsk, Polska",338,1004,2261,2658,2261,52,0.850639578630549,6,2,4,14.9889135254989,44.5232815964523,0.748137108792846,2255,2288,2670,2288,76,0.856928838951311,32,18,14,633,0.719414893617021,1623,28.0585106382979,71.9414893617021,2256,"miejska","Poland",54.3520207,18.5121901
"160","226101.160","m. Gdańsk","226101","Otomińska 72, 80-178 Gdańsk, Polska",304,1083,2176,2502,2176,31,0.869704236610711,9,6,3,14.0286109829257,49.9769266266728,0.780821917808219,2167,2252,2524,2252,71,0.892234548335975,11,7,4,552,0.753681392235609,1689,24.6318607764391,75.3681392235609,2241,"miejska","Poland",54.3398355,18.5088184
"161","226101.161","m. Gdańsk","226101","Stokłosy 1, 80-298 Gdańsk, Polska",454,854,2194,2943,2195,20,0.745837580699966,15,6,9,20.8256880733945,39.1743119266055,0.652905198776758,2180,2268,2960,2270,42,0.766891891891892,32,20,12,838,0.625558534405719,1400,37.4441465594281,62.5558534405719,2238,"miejska","Poland",54.3534073,18.4802953
"162","226101.162","m. Gdańsk","226101","Chłopska 64, 80-350 Gdańsk, Polska",224,621,1275,1708,1277,83,0.747658079625293,5,3,2,17.6100628930818,48.8207547169811,0.73491124260355,1272,1370,1752,1370,125,0.781963470319635,3,0,3,375,0.725676664228237,992,27.4323335771763,72.5676664228237,1367,"miejska","Poland",54.4180476,18.5866694
"163","226101.163","m. Gdańsk","226101","Chłopska 64, 80-350 Gdańsk, Polska",218,580,1322,1865,1316,79,0.705630026809651,4,0,4,16.6158536585366,44.2073170731707,0.726817042606516,1312,1517,1993,1517,132,0.76116407425991,15,8,7,472,0.685752330226365,1030,31.4247669773635,68.5752330226365,1502,"miejska","Poland",54.4180476,18.5866694
"164","226101.164","m. Gdańsk","226101","Orłowska 13, 80-347 Gdańsk, Polska",456,999,2285,3163,2268,78,0.71704078406576,3,0,3,20.1324503311258,44.1059602649007,0.68659793814433,2265,2523,3316,2519,136,0.759650180940893,22,16,6,754,0.698037645174209,1743,30.1962354825791,69.8037645174209,2497,"miejska","Poland",54.4241324,18.584697
"165","226101.165","m. Gdańsk","226101","Subisława 22, 80-354 Gdańsk, Polska",268,552,1268,1636,1268,24,0.775061124694376,5,1,4,21.2193190815519,43.7054631828979,0.673170731707317,1263,1327,1643,1327,34,0.807668898356665,17,7,10,426,0.674809160305344,884,32.5190839694656,67.4809160305344,1310,"miejska","Poland",54.4193796,18.5731887
"166","226101.166","m. Gdańsk","226101","Subisława 22, 80-354 Gdańsk, Polska",237,602,1241,1632,1240,27,0.759803921568627,5,3,2,19.1902834008097,48.7449392712551,0.717520858164482,1235,1301,1650,1301,31,0.788484848484848,13,6,7,368,0.714285714285714,920,28.5714285714286,71.4285714285714,1288,"miejska","Poland",54.4193796,18.5731887
"167","226101.167","m. Gdańsk","226101","Szyprów 3, 80-335 Gdańsk, Polska",252,628,1357,1743,1354,23,0.776821572002295,5,2,3,18.6805040770941,46.5530022238695,0.713636363636364,1349,1430,1762,1432,32,0.812712826333712,18,9,9,427,0.698019801980198,987,30.1980198019802,69.8019801980198,1414,"miejska","Poland",54.4221729,18.5758438
"168","226101.168","m. Gdańsk","226101","Szyprów 3, 80-335 Gdańsk, Polska",267,577,1275,1640,1275,22,0.777439024390244,6,2,4,21.0401891252955,45.4688731284476,0.683649289099526,1269,1322,1630,1321,33,0.810429447852761,13,7,6,416,0.681957186544342,892,31.8042813455657,68.1957186544342,1308,"miejska","Poland",54.4221729,18.5758438
"169","226101.169","m. Gdańsk","226101","Józefa Czyżewskiego 31, 80-336 Gdańsk, Polska",213,444,1094,1490,1096,24,0.735570469798658,6,2,4,19.5412844036697,40.7339449541284,0.675799086757991,1090,1156,1499,1161,29,0.774516344229486,21,14,7,368,0.67719298245614,772,32.280701754386,67.719298245614,1140,"miejska","Poland",54.42156,18.5606087
"170","226101.170","m. Gdańsk","226101","Józefa Czyżewskiego 12, 80-336 Gdańsk, Polska",194,598,1299,1731,1299,15,0.750433275563258,4,1,3,14.980694980695,46.1776061776062,0.755050505050505,1295,1400,1767,1401,27,0.792869269949066,16,8,8,387,0.72057761732852,998,27.942238267148,72.057761732852,1385,"miejska","Poland",54.415884,18.5555771
"171","226101.171","m. Gdańsk","226101","Nadwodna 3, 80-336 Gdańsk, Polska",245,449,1258,1733,1261,33,0.727639930755915,14,5,9,19.6471531676022,36.0064153969527,0.646974063400576,1247,1320,1761,1328,48,0.754116978989211,24,9,15,432,0.668711656441718,872,33.1288343558282,66.8711656441718,1304,"miejska","Poland",54.4218454,18.5621749
"172","226101.172","m. Gdańsk","226101","Opacka 7, 80-330 Gdańsk, Polska",191,684,1466,1902,1472,41,0.773922187171398,10,4,6,13.0642954856361,46.7852257181943,0.781714285714286,1462,1576,1969,1583,122,0.803961401726765,20,12,8,403,0.742162507997441,1160,25.7837492002559,74.2162507997441,1563,"miejska","Poland",54.4118321,18.5557975
"173","226101.173","m. Gdańsk","226101","Cystersów 13, 80-330 Gdańsk, Polska",148,365,826,1211,826,35,0.682080924855491,2,0,2,17.9611650485437,44.2961165048544,0.711500974658869,824,901,1229,901,49,0.733116354759968,11,6,5,282,0.68314606741573,608,31.685393258427,68.314606741573,890,"miejska","Poland",54.4096417,18.557269
"174","226101.174","m. Gdańsk","226101","Polanki 130, 80-322 Gdańsk, Polska",173,435,983,1284,986,34,0.76791277258567,10,3,7,17.7254098360656,44.5696721311475,0.715460526315789,976,1014,1302,1015,43,0.779569892473118,10,3,7,304,0.697512437810945,701,30.2487562189055,69.7512437810945,1005,"miejska","Poland",54.4067411,18.5586575
"175","226101.175","m. Gdańsk","226101","Stanisława Wąsowicza 30, 80-318 Gdańsk, Polska",214,539,1142,1538,1145,27,0.744473342002601,3,2,1,18.739054290718,47.1978984238179,0.715803452855246,1142,1196,1534,1200,38,0.782268578878748,15,9,6,333,0.718987341772152,852,28.1012658227848,71.8987341772152,1185,"miejska","Poland",54.4042477,18.5674862
"176","226101.176","m. Gdańsk","226101","Wita Stwosza 23, 80-312 Gdańsk, Polska",122,432,888,1143,890,23,0.778652668416448,5,1,4,13.7853107344633,48.8135593220339,0.779783393501805,885,934,1168,936,33,0.801369863013699,10,4,6,210,0.773218142548596,716,22.6781857451404,77.3218142548596,926,"miejska","Poland",54.404218,18.5650301
"177","226101.177","m. Gdańsk","226101","Jana Bażyńskiego 6, 80-309 Gdańsk, Polska",75,189,462,617,463,42,0.750405186385737,1,0,1,16.2337662337662,40.9090909090909,0.715909090909091,462,504,649,504,38,0.776579352850539,8,3,5,130,0.737903225806452,366,26.2096774193548,73.7903225806452,496,"miejska","Poland",54.3986287,18.5722473
"178","226101.178","m. Gdańsk","226101","VII Dwór 7, 80-301 Gdańsk, Polska",371,995,2317,2918,2319,56,0.794722412611378,12,3,9,16.0814911140009,43.1296055483312,0.728404099560761,2307,2399,2937,2399,68,0.816819884235615,28,9,19,644,0.728384647827921,1727,27.1615352172079,72.8384647827921,2371,"miejska","Poland",54.3877476,18.5746301
"179","226101.179","m. Gdańsk","226101","prof. Michała Siedleckiego 14, 80-299 Gdańsk, Polska",335,1010,2092,2531,2092,23,0.826550770446464,5,2,3,16.0517489218975,48.3948251078102,0.75092936802974,2087,2131,2510,2132,34,0.849402390438247,33,17,16,582,0.722725107193902,1517,27.7274892806098,72.2725107193902,2099,"miejska","Poland",54.4305312,18.4683944
"180","226101.180","m. Gdańsk","226101","prof. Michała Siedleckiego 14, 80-299 Gdańsk, Polska",249,924,1816,2293,1817,34,0.792411687745312,8,1,7,13.7645107794362,51.077943615257,0.78772378516624,1809,1869,2281,1870,45,0.819815870232354,14,7,7,506,0.727370689655172,1350,27.2629310344828,72.7370689655172,1856,"miejska","Poland",54.4305312,18.4683944
"181","226101.181","m. Gdańsk","226101","prof. Michała Siedleckiego 14, 80-299 Gdańsk, Polska",316,1077,2092,2572,2093,22,0.813763608087092,3,1,2,15.1196172248804,51.5311004784689,0.773151471643934,2090,2185,2562,2186,27,0.853239656518345,15,4,11,586,0.730078304928604,1585,26.9921695071396,73.0078304928604,2171,"miejska","Poland",54.4305312,18.4683944
"182","226101.182","m. Gdańsk","226101","Wodnika 57, 80-299 Gdańsk, Polska",260,1160,2352,2801,2351,74,0.839343091752945,5,4,1,11.0826939471441,49.4458653026428,0.816901408450704,2346,2387,2796,2387,82,0.853719599427754,25,13,12,575,0.756562235393734,1787,24.3437764606266,75.6562235393734,2362,"miejska","Poland",54.4212304,18.4798383
"183","226101.183","m. Gdańsk","226101","Wodnika 57, 80-299 Gdańsk, Polska",259,1087,2249,2731,2249,31,0.823507872574149,5,1,4,11.541889483066,48.4402852049911,0.807578008915305,2244,2337,2728,2337,38,0.856671554252199,17,9,8,574,0.752586206896552,1746,24.7413793103448,75.2586206896552,2320,"miejska","Poland",54.4212304,18.4798383
"184","226101.184","m. Gdańsk","226101","Srebrna 11, 80-180 Gdańsk, Polska",275,705,1953,2619,1953,73,0.745704467353952,7,1,6,14.1315519013361,36.2281603288798,0.719387755102041,1946,2068,2661,2067,94,0.776775648252537,26,14,12,695,0.659480646741793,1346,34.0519353258207,65.9480646741793,2041,"miejska","Poland",54.3136665,18.60234
"185","226101.185","m. Gdańsk","226101","Człuchowska 6, 80-180 Gdańsk, Polska",200,735,1906,2423,1909,20,0.787866281469253,2,2,0,10.487676979549,38.5422128998427,0.786096256684492,1907,2090,2531,2093,51,0.826945871197155,17,8,9,531,0.744219653179191,1545,25.5780346820809,74.4219653179191,2076,"miejska","Poland",54.324927,18.5831406
"186","226101.186","m. Gdańsk","226101","Lawendowe Wzgórze 5, 80-175 Gdańsk, Polska",188,680,1855,2426,1856,19,0.765045342126958,5,1,4,10.1566720691518,36.7368989735278,0.783410138248848,1851,1999,2497,2001,37,0.801361633960753,24,7,17,541,0.72635306019221,1436,27.364693980779,72.635306019221,1977,"miejska","Poland",54.3267447,18.5677095
"187","226101.187","m. Gdańsk","226101","Wielkopolska 20, 80-180 Gdańsk, Polska",172,606,1330,1678,1330,29,0.792610250297974,4,1,3,12.9713423831071,45.7013574660633,0.778920308483291,1326,1391,1678,1391,28,0.82896305125149,20,14,6,368,0.731582786287381,1003,26.8417213712619,73.1582786287381,1371,"miejska","Poland",54.3164178,18.5891806
"188","226101.188","m. Gdańsk","226101","Kurkowa 12, 80-803 Gdańsk, Polska",32,496,663,801,663,0,0.827715355805243,18,17,1,4.96124031007752,76.8992248062015,0.939393939393939,645,678,803,678,0,0.844333748443338,16,1,15,70,0.894259818731118,592,10.5740181268882,89.4259818731118,662,"miejska","Poland",54.3528763,18.639785
"189","226101.189","m. Gdańsk","226101","Nowe Ogrody 1-6, 80-803 Gdańsk, Polska",19,48,95,234,95,0,0.405982905982906,1,0,1,20.2127659574468,51.063829787234,0.716417910447761,94,85,224,85,0,0.379464285714286,2,1,1,24,0.710843373493976,59,28.9156626506024,71.0843373493976,83,"miejska","Poland",54.350843,18.6390991
"190","226101.190","m. Gdańsk","226101","Kartuska 4/6, 80-104 Gdańsk, Polska",10,11,25,42,25,7,0.595238095238095,0,0,0,40,44,0.523809523809524,25,18,35,18,5,0.514285714285714,0,0,0,5,0.722222222222222,13,27.7777777777778,72.2222222222222,18,"miejska","Poland",54.3508795,18.6360622
"191","226101.191","m. Gdańsk","226101","Powstańców Warszawskich 1/2, 80-152 Gdańsk, Polska",12,14,33,87,33,5,0.379310344827586,1,1,0,37.5,43.75,0.538461538461538,32,31,92,31,6,0.33695652173913,1,1,0,16,0.466666666666667,14,53.3333333333333,46.6666666666667,30,"miejska","Poland",54.3519734,18.6359821
"192","226101.192","m. Gdańsk","226101","Mariana Smoluchowskiego 17, 80-214 Gdańsk, Polska",75,160,354,987,354,19,0.358662613981763,0,0,0,21.1864406779661,45.1977401129944,0.680851063829787,354,448,1016,448,33,0.440944881889764,5,4,1,143,0.677200902934537,300,32.2799097065463,67.7200902934537,443,"miejska","Poland",54.3653858,18.6199221
"193","226101.193","m. Gdańsk","226101","Hoża 4, 80-628 Gdańsk, Polska",8,3,22,43,22,0,0.511627906976744,2,1,1,40,15,0.272727272727273,20,19,43,19,0,0.441860465116279,0,0,0,13,0.315789473684211,6,68.4210526315789,31.5789473684211,19,"miejska","Poland",54.359501,18.7119765
"194","226101.194","m. Gdańsk","226101","Srebrniki 17, 80-282 Gdańsk, Polska",15,49,108,293,108,3,0.368600682593857,1,0,1,14.018691588785,45.7943925233645,0.765625,107,146,327,146,5,0.446483180428135,6,0,6,55,0.607142857142857,85,39.2857142857143,60.7142857142857,140,"miejska","Poland",54.3756646,18.5755815
"195","226101.195","m. Gdańsk","226101","Aleja Zwycięstwa 30, 80-219 Gdańsk, Polska",6,25,35,84,35,1,0.416666666666667,1,0,1,17.6470588235294,73.5294117647059,0.806451612903226,34,42,92,42,9,0.456521739130435,0,0,0,16,0.619047619047619,26,38.0952380952381,61.9047619047619,42,"miejska","Poland",54.3703847,18.6235874
"196","226101.196","m. Gdańsk","226101","Aleja Jana Pawła II 50, 80-462 Gdańsk, Polska",22,80,143,420,142,17,0.338095238095238,0,0,0,15.4929577464789,56.3380281690141,0.784313725490196,142,206,461,206,18,0.446854663774403,1,0,1,57,0.721951219512195,148,27.8048780487805,72.1951219512195,205,"miejska","Poland",54.4031003,18.6123226
"197","226101.197","m. Gdańsk","226101","Franciszka Hynka 12, 80-465 Gdańsk, Polska",24,18,50,61,50,0,0.819672131147541,0,0,0,48,36,0.428571428571429,50,49,64,49,0,0.765625,1,0,1,31,0.354166666666667,17,64.5833333333333,35.4166666666667,48,"miejska","Poland",54.3880738,18.6000995
"198","226101.198","m. Gdańsk","226101","Fromborska 24, 80-389 Gdańsk, Polska",22,14,52,112,52,0,0.464285714285714,4,1,3,45.8333333333333,29.1666666666667,0.388888888888889,48,53,112,53,0,0.473214285714286,0,0,0,30,0.433962264150943,23,56.6037735849057,43.3962264150943,53,"miejska","Poland",54.4054127,18.5813146
"199","226101.199","m. Gdańsk","226101","Polanki 121, 80-308 Gdańsk, Polska",17,16,54,87,54,3,0.620689655172414,1,0,1,32.0754716981132,30.188679245283,0.484848484848485,53,59,87,59,2,0.67816091954023,5,4,1,24,0.555555555555556,30,44.4444444444444,55.5555555555556,54,"miejska","Poland",54.3970751,18.5640159
"200","226101.200","m. Gdańsk","226101","Przemyska 17, 80-180 Gdańsk, Polska",11,28,51,111,51,0,0.459459459459459,0,0,0,21.5686274509804,54.9019607843137,0.717948717948718,51,47,105,47,0,0.447619047619048,0,0,0,12,0.74468085106383,35,25.531914893617,74.468085106383,47,"miejska","Poland",54.3270998,18.5915561
"201","226101.201","m. Gdańsk","226101","Polanki 117, 80-308 Gdańsk, Polska",9,12,35,127,35,2,0.275590551181102,0,0,0,25.7142857142857,34.2857142857143,0.571428571428571,35,66,135,66,7,0.488888888888889,0,0,0,15,0.772727272727273,51,22.7272727272727,77.2727272727273,66,"miejska","Poland",54.3938373,18.5671484
"202","226101.202","m. Gdańsk","226101","Siennicka 23, 80-758 Gdańsk, Polska",19,242,328,391,328,0,0.838874680306905,6,1,5,5.90062111801242,75.1552795031056,0.9272030651341,322,351,390,351,0,0.9,4,2,2,40,0.884726224783862,307,11.5273775216138,88.4726224783862,347,"miejska","Poland",54.361104,18.6837774
"203","226101.203","m. Gdańsk","226101","Dębowa 7, 80-204 Gdańsk, Polska",14,78,289,303,289,16,0.953795379537954,0,0,0,4.84429065743945,26.9896193771626,0.847826086956522,289,234,253,234,7,0.924901185770751,1,0,1,48,0.793991416309013,185,20.6008583690987,79.3991416309013,233,"miejska","Poland",54.3609995,18.6293852
"204","226101.204","m. Gdańsk","226101","Do Studzienki 32, 80-227 Gdańsk, Polska",2,14,119,123,119,6,0.967479674796748,0,0,0,1.68067226890756,11.7647058823529,0.875,119,82,86,82,7,0.953488372093023,2,2,0,16,0.8,64,20,80,80,"miejska","Poland",54.3696791,18.6108418
"205","226101.205","m. Gdańsk","226101","Stanisława Wyspiańskiego 5A, 80-432 Gdańsk, Polska",9,38,220,234,220,14,0.94017094017094,1,1,0,4.10958904109589,17.351598173516,0.808510638297872,219,216,225,216,0,0.96,4,2,2,72,0.660377358490566,140,33.9622641509434,66.0377358490566,212,"miejska","Poland",54.3778675,18.619367
